ts,rg1,rg2,rg1tt,rg2tt,rg1tp,rg2tp,temp_bmx,press_bmx,temp_mcp,temp_sht,humidity_sht,si1145_vis,si1145_ir,si1145_uv,wind_spd,wind_dir,wind_gust,wind_gust_dir,heat_idx,wet_bulb_temp,wet_bulb_globe_temp
2026-08-19T00:00:02Z,0,0,0,0,0,0,15.8,851.9,16.1,16.2,90.3,260,254,0,0.7,126,1.3,1.3,16.2,15.1,12
2026-08-19T00:15:57Z,0,0,0,0,0,0,15.8,852,16.1,16.2,90.1,261,254,0,1.3,182,2.4,2.4,16.2,15.1,12
2026-08-19T00:31:06Z,0,0,0,0,0,0,15.8,852,16.1,16.2,90.2,261,253,0,0.4,129,1.3,1.3,16.2,15.1,12
2026-08-19T00:46:31Z,0,0,0,0,0,0,15.7,852.1,16.1,16.1,90.2,260,253,0,0.2,121,0.7,0.7,16.1,14.9,11.9
2026-08-19T01:01:51Z,0,0,0,0,0,0,15.6,852.2,15.9,16,90.4,260,253,0,0,170,0.2,0.2,16.1,14.9,11.9
2026-08-19T01:16:59Z,0,0,0,0,0,0,15.6,852.3,15.9,16,90.6,260,252,0,0.1,170,0.4,0.4,16,14.9,11.8
2026-08-19T01:32:08Z,0,0,0,0,0,0,15.5,852.5,15.8,15.9,90.8,260,254,0,0.7,158,1.5,1.5,15.9,14.8,11.7
2026-08-19T01:47:35Z,0,0,0,0,0,0,15.5,852.6,15.8,15.9,90.8,260,253,0,0,128,0,0,15.9,14.9,11.8
2026-08-19T02:02:43Z,0,0,0,0,0,0,15.5,852.6,15.8,15.9,90.9,261,252,0,0.1,128,0.7,0.7,15.9,14.8,11.7
2026-08-19T02:17:52Z,0,0,0,0,0,0,15.5,852.6,15.8,15.9,91.1,261,253,0,0.1,89,0.4,0.4,15.9,14.8,11.7
2026-08-19T02:33:01Z,0,0,0,0,0,0,15.4,852.6,15.8,15.9,91.1,260,253,0,0.5,105,0.9,0.9,15.9,14.8,11.7
2026-08-19T02:48:09Z,0,0,0,0,0,0,15.4,852.7,15.8,15.8,91.2,260,254,0,0.6,98,1.3,1.3,15.8,14.8,11.6
2026-08-19T03:03:37Z,0,0,0,0,0,0,15.4,852.7,15.8,15.8,91.4,260,254,0,0,60,0,0,15.8,14.8,11.6
2026-08-19T03:18:45Z,0,0,0,0,0,0,15.4,852.7,15.8,15.8,91.5,259,254,0,0.5,86,0.9,0.9,15.9,14.8,11.7
2026-08-19T03:33:54Z,0,0,0,0,0,0,15.3,852.8,15.6,15.8,91.9,260,260,0,0.6,78,1.3,1.3,15.8,14.8,11.6
2026-08-19T03:49:02Z,0,0,0,0,0,0,15.2,852.9,15.5,15.6,92,268,335,0,1.1,85,2.2,2.2,15.7,14.7,11.5
2026-08-19T04:04:10Z,0,0,0,0.2,0,0,15.2,853.3,15.5,15.6,92.4,286,603,0,0.3,77,0.7,0.7,15.6,14.7,11.4
2026-08-19T04:19:18Z,0,0,0,0.3,0,0,15.3,853.4,15.6,15.8,91.6,314,913,0,0.2,61,0.7,0.7,15.8,14.8,11.6
2026-08-19T04:34:40Z,0,0,0,0.4,0,0,15.6,853.5,15.9,16,90.8,339,1238,0,0.6,35,0.9,0.9,16,14.9,11.8
2026-08-19T04:49:49Z,0,0,0,0.4,0,0,16.2,853.6,16.3,16.6,88.4,341,1194,0,0.2,75,0.4,0.4,16.6,15.3,12.4
2026-08-19T05:04:57Z,0,0,0,0.6,0,0,16.4,853.8,16.5,16.9,86.9,364,1459,0,0,74,0,0,16.9,15.3,12.6
2026-08-19T05:20:05Z,0,0,0,0.5,0,0,16.6,853.8,16.9,17.1,85.4,342,1186,0,0.2,120,0.7,0.7,17.1,15.3,12.8
2026-08-19T05:35:49Z,0,0,0,0.7,0,0,16.9,853.9,17,17.3,84,386,1632,0,0.4,132,1.3,1.3,17.3,15.4,13.1
2026-08-19T05:50:57Z,0,0,0,1,0,0,17.3,854,17.6,17.7,82.7,440,2230,0,0.5,171,1.5,1.5,17.7,15.6,13.4
2026-08-19T06:06:04Z,0,0,0,1.8,0,0,18,854,18.4,18.4,80.3,596,4157,0,0.5,190,1.3,1.3,18.4,16,14.1
2026-08-19T06:21:12Z,0,0,0,1,0,0,17.9,854.3,18.3,18.5,78.5,445,2322,0,0.8,142,1.5,1.5,18.5,16,14.2
2026-08-19T06:36:19Z,0,0,0,1.2,0,0,18.4,854.4,18.8,18.8,76.9,484,2711,0,1.3,84,1.7,1.7,18.8,16,14.5
2026-08-19T06:51:46Z,0,0,0,0.9,0,0,19.2,854.3,19.3,19.8,73.5,424,2052,0,0.7,34,1.1,1.1,19.8,16.5,15.3
2026-08-19T07:06:55Z,0,0,0,0.9,0,0,18.9,854.3,18.9,19.5,75,430,2136,0,0.9,39,1.7,1.7,19.5,16.4,15.1
2026-08-19T07:22:04Z,0,0,0,1,0,0,18.5,854.4,18.7,19.1,75.6,442,2266,0,0.8,87,1.3,1.3,19.1,16.1,14.7
2026-08-19T07:37:12Z,0,0,0,0.6,0,0,19,854.3,19.1,19.5,75.9,375,1543,0,0.2,39,0.7,0.7,19.5,16.6,15.1
2026-08-19T07:52:20Z,0,0,0,0.7,0,0,19.3,854.2,19.4,19.8,73.3,388,1661,0,0.3,79,1.1,1.1,19.7,16.5,15.3
2026-08-19T08:07:27Z,0,0,0,0.9,0,0,19.4,854,19.5,19.8,72.2,415,1987,0,0.5,12,2,2,19.8,16.4,15.4
2026-08-19T08:22:49Z,0,0,0,0.7,0,0,20,854,20.1,20.4,70.3,386,1653,0,0,36,0.2,0.2,20.3,16.7,15.8
2026-08-19T08:37:58Z,0,0,0,0.6,0,0,19.9,853.9,19.9,20.3,69.5,374,1520,0,0.4,35,1,1,20.3,16.5,15.8
2026-08-19T08:53:06Z,0,0,0,0.9,0,0,20.1,853.9,20.2,20.7,67.9,426,2085,0,0.9,35,1.5,1.5,20.6,16.7,16.1
2026-08-19T09:08:14Z,0,0,0,1,0,0,20.1,853.8,20.2,20.7,67.3,436,2179,0,0.2,70,0.7,0.7,20.6,16.6,16.1
2026-08-19T09:23:22Z,0,0,0,0.9,0,0,20.7,853.7,20.8,21.3,65.5,430,2134,0,0.1,108,0.7,0.7,21.2,16.9,16.6
2026-08-19T09:38:30Z,0,0,0,1.3,0,0,21.1,853.3,21.4,21.7,63.7,505,2983,0,0.2,72,0.7,0.7,21.7,17.1,17
2026-08-19T09:53:53Z,0,0,0,1.7,0,0,21.9,853.1,21.8,22.1,62.6,582,3766,0,0.5,68,1.3,1.3,22.1,17.3,17.4
2026-08-19T10:09:00Z,0,0,0,4,0,0,22.5,852.7,22.5,23.2,57.4,996,8559,0,0.8,37,1.3,1.3,23.2,17.5,18.3
2026-08-19T10:24:08Z,0,0,0,3.7,0,0,24.9,852.5,25,25.5,54.1,941,7804,0,0,156,0.4,0.4,25.5,19.1,20.2
2026-08-19T10:39:16Z,0,0,0,3.5,0,0,24.7,852.2,25.1,25.5,50.5,910,7435,0,0.7,163,2,2,25.5,18.5,20.1
2026-08-19T10:54:24Z,0,0,0,1.8,0,0,25.2,851.9,25.2,26.1,50,586,3612,0,0.2,142,1.1,1.1,26.1,18.9,20.6
2026-08-19T11:09:31Z,0,0,0,1.4,0,0,24.5,851.9,24.3,25.5,50,519,2992,0,0.6,87,1.7,1.7,25.4,18.4,20.1
2026-08-19T11:24:57Z,0,0,0,0.9,0,0,23,851.7,23.6,23.7,55.2,429,2119,0,1.1,170,2,2,23.7,17.7,18.7
2026-08-19T11:40:06Z,0,0,0,2.9,0,0,23.2,851.5,23.6,23.7,55.8,805,6659,0,0.3,159,0.7,0.7,23.7,17.8,18.7
2026-08-19T11:55:14Z,0,0,0,1.2,0,0,23.6,851.4,24.2,24.4,52.3,476,2552,0,1.1,161,2,2,24.4,17.8,19.2
2026-08-19T12:10:22Z,0,0,0,1.1,0,0,23.2,851.3,23.6,23.8,55.3,464,2489,0,1.1,148,2.2,2.2,23.8,17.8,18.8
2026-08-19T12:25:30Z,0,0,0,2.1,0,0,23.4,850.9,23.9,24.1,55.2,647,4603,0,0.9,176,2.3,2.3,24,18,19
2026-08-19T12:40:38Z,0,0,0,0.6,0,0,24.5,850.8,24.8,25.3,50.4,363,1383,0,0.6,36,1.5,1.5,25.3,18.3,20
2026-08-19T12:56:02Z,0,0,0,0.7,0,0,24.3,850.6,24.3,24.8,51.5,390,1681,0,0.9,49,1.3,1.3,24.7,18,19.5
2026-08-19T13:11:10Z,0,0,0,0.5,0,0,23.6,850.5,23.8,24.1,53.1,352,1276,0,0.8,81,1.5,1.5,24.1,17.7,19
2026-08-19T13:26:18Z,0,0,0,0.4,0,0,23.1,850.5,23.4,23.6,54.2,325,974,0,0.5,139,1.3,1.3,23.6,17.4,18.6
2026-08-19T13:41:27Z,0,0,0,0.4,0,0,23.1,850.4,23.2,23.5,54.9,333,1058,0,0.9,88,2,2,23.4,17.4,18.5
2026-08-19T13:56:35Z,0,0,0,0.6,0,0,22.8,850.5,23,23.3,55.3,365,1456,0,0.3,144,1.1,1.1,23.2,17.3,18.3
2026-08-19T14:11:43Z,0,0,0,0.2,0,0,23,850.5,23.1,23.6,54.2,292,583,0,0.9,89,3.1,3.1,23.5,17.4,18.6
2026-08-19T14:27:06Z,0,0,0,0.2,0,0,22.3,850.8,22.4,22.7,56.9,296,650,0,0.2,133,0.7,0.7,22.6,17,17.8
2026-08-19T14:42:14Z,0,0,0,0.1,0,0,22,850.9,22.1,22.3,58,273,407,0,0.8,71,2.4,2.4,22.2,16.8,17.5
2026-08-19T14:57:23Z,0,0,0,0.1,0,0,21.8,851.1,21.9,22.1,58.7,268,319,0,0.1,129,0.7,0.7,22,16.8,17.3
2026-08-19T15:12:32Z,0,0,0,0.1,0,0,21.5,851.2,21.7,21.9,60.5,267,309,0,0.7,177,2,2,21.8,16.8,17.1
2026-08-19T15:27:40Z,0,0,0,0,0,0,21.2,851.3,21.4,21.6,61.4,263,280,0,0.2,134,0.9,0.9,21.5,16.6,16.9
2026-08-19T15:42:47Z,0,0,0,0,0,0,21,851.2,21.2,21.4,61.8,260,258,0,0.3,132,1.5,1.5,21.3,16.5,16.7
2026-08-19T15:58:38Z,0,0,0,0,0,0,20.8,851.3,20.9,21.1,63.1,260,252,0,1.1,170,2.4,2.4,21,16.4,16.5
2026-08-19T16:14:03Z,0,0,0,0,0,0,20.6,851.5,20.8,21,63.7,260,253,0,1.2,119,2.4,2.4,20.9,16.4,16.3
2026-08-19T16:29:11Z,0,0,0,0,0,0,20.4,851.5,20.6,20.8,64.4,260,252,0,1,143,3.5,3.5,20.7,16.3,16.2
2026-08-19T16:44:20Z,0,0,0,0,0,0,20.3,851.5,20.4,20.6,64.6,260,252,0,0.2,165,1.1,1.1,20.6,16.2,16.1
2026-08-19T16:59:29Z,0,0,0,0,0,0,19.9,851.7,20.1,20.3,64.3,260,253,0,0.5,166,1.3,1.3,20.2,15.9,15.7
2026-08-19T17:14:38Z,0,0,0,0,0,0,19.6,851.9,19.7,19.9,64.9,259,254,0,0.9,157,2.2,2.2,19.8,15.6,15.4
2026-08-19T17:30:05Z,0,0,0,0,0,0,19.4,852.1,19.6,19.8,65.4,260,254,0,0.3,105,0.9,0.9,19.7,15.5,15.3
2026-08-19T17:45:14Z,0,0,0,0,0,0,19.3,852.3,19.4,19.6,65,259,252,0,0.6,142,1.5,1.5,19.5,15.3,15.1
2026-08-19T18:00:23Z,0,0,0,0,0,0,19.1,852.5,19.2,19.5,65.6,260,253,0,0.8,201,1.5,1.5,19.3,15.3,15
2026-08-19T18:15:31Z,0,0,0,0,0,0,18.9,852.8,19.2,19.3,65.2,260,253,0,1.7,194,2.6,2.6,19.2,15,14.8
2026-08-19T18:30:40Z,0,0,0,0,0,0,18.8,853,18.9,19.1,65.9,260,253,0,0.1,99,0.7,0.7,19,15,14.6
2026-08-19T18:46:09Z,0,0,0,0,0,0,18.4,853.2,18.6,18.8,66.4,260,254,0,1.3,162,2.2,2.2,18.7,14.8,14.4
2026-08-19T19:01:19Z,0,0,0,0,0,0,18.2,853.2,18.3,18.6,67.2,262,255,0,0.3,100,0.7,0.7,18.4,14.6,14.1
2026-08-19T19:17:15Z,0,0,0,0,0,0,18,853.4,18.2,18.5,66.8,259,253,0,0.6,100,1.3,1.3,18.3,14.5,14
2026-08-19T19:32:23Z,0,0,0,0,0,0,17.8,853.5,18,18.2,67.7,261,253,0,1.2,191,3.3,3.3,18,14.3,13.8
2026-08-19T19:47:31Z,0,0,0,0,0,0,17.6,853.6,17.8,18,68.7,260,254,0,0.3,177,0.9,0.9,17.8,14.2,13.5
2026-08-19T20:02:40Z,0,0,0,0,0,0,17.3,853.5,17.4,17.7,69.5,260,253,0,0.3,130,1.1,1.1,17.5,14.1,13.3
2026-08-19T20:17:50Z,0,0,0,0,0,0,17.1,853.6,17.2,17.5,70.1,261,254,0,0.1,111,0.4,0.4,17.3,13.9,13
2026-08-19T20:33:15Z,0,0,0,0,0,0,16.9,853.5,17.1,17.3,70.6,260,254,0,0.2,122,0.7,0.7,17.1,13.8,12.9
2026-08-19T20:48:24Z,0,0,0,0,0,0,16.6,853.5,16.8,17,71.3,261,253,0,0.3,164,0.7,0.7,16.8,13.7,12.6
2026-08-19T21:03:33Z,0,0,0,0,0,0,16.4,853.3,16.6,16.9,72.2,260,254,0,0.2,165,1.1,1.1,16.7,13.6,12.5
2026-08-19T21:18:42Z,0,0,0,0,0,0,16.2,853.3,16.4,16.7,72.4,261,253,0,0,136,0.2,0.2,16.5,13.4,12.3
2026-08-19T21:33:52Z,0,0,0,0,0,0,16.1,853.4,16.3,16.5,73.2,259,253,0,0.1,136,0.4,0.4,16.3,13.4,12.1
2026-08-19T21:49:19Z,0,0,0,0,0,0,16.1,853.2,16.2,16.5,73.3,259,253,0,0,158,0.2,0.2,16.3,13.4,12.1
2026-08-19T22:04:28Z,0,0,0,0,0,0,16,853.1,16.3,16.5,73.2,261,253,0,0.1,175,0.5,0.5,16.3,13.3,12.1
2026-08-19T22:19:38Z,0,0,0,0,0,0,16,852.9,16.3,16.4,72.9,260,253,0,0.3,175,1.1,1.1,16.2,13.3,12
2026-08-19T22:34:47Z,0,0,0,0,0,0,15.9,852.8,16.2,16.3,72.9,260,254,0,0.1,175,0.2,0.2,16.1,13.2,11.9
2026-08-19T22:50:14Z,0,0,0,0,0,0,15.8,852.6,16.1,16.2,73.2,260,254,0,0,175,0.4,0.4,16,13.1,11.8
2026-08-19T23:05:24Z,0,0,0,0,0,0,15.8,852.5,16.1,16.2,73.6,261,253,0,0.1,175,0.3,0.3,16,13.1,11.8
2026-08-19T23:20:33Z,0,0,0,0,0,0,15.7,852.5,16,16.1,73.7,260,253,0,0,175,0,0,15.9,13.1,11.7
2026-08-19T23:35:43Z,0,0,0,0,0,0,15.6,852.4,15.9,16,74.1,261,253,0,0,175,0,0,15.8,13,11.6
2026-08-19T23:50:52Z,0,0,0,0,0,0,15.5,852.4,15.9,15.9,74.3,260,254,0,0.3,175,0.7,0.7,15.7,13,11.5
2026-08-20T00:00:58Z,0,0,0,0,0,0,15.5,852.2,15.8,15.9,74.6,260,253,0,0,175,0,0,15.7,13,11.5
2026-08-20T00:16:34Z,0,0,0,0,0,0,15.4,852.2,15.8,15.8,75.7,261,254,0,0,175,0,0,15.6,13,11.4
2026-08-20T00:31:43Z,0,0,0,0,0,0,15.3,852.3,15.7,15.7,76,260,254,0,0,175,0,0,15.5,13,11.3
2026-08-20T00:46:53Z,0,0,0,0,0,0,15.3,852.3,15.7,15.7,76.1,260,254,0,0,175,0,0,15.5,13,11.3
2026-08-20T01:02:02Z,0,0,0,0,0,0,15.3,852.3,15.6,15.7,76.4,261,253,0,0,175,0,0,15.5,13,11.3
2026-08-20T01:17:25Z,0,0,0,0,0,0,15.1,852.4,15.4,15.4,77.2,261,254,0,0,175,0,0,15.3,12.9,11.1
2026-08-20T01:32:33Z,0,0,0,0,0,0,14.7,852.5,15,15,79,260,253,0,0,175,0,0,14.8,12.6,10.6
2026-08-20T01:47:42Z,0,0,0,0,0,0,14.2,852.6,14.4,14.5,81.4,262,252,0,0,175,0,0,14.3,12.4,10.1
2026-08-20T02:02:51Z,0,0,0,0,0,0,13.9,852.8,14.1,14.3,82,261,253,0,0,175,0,0,14.1,12.3,9.9
2026-08-20T02:17:59Z,0,0,0,0,0,0,13.8,852.9,14.1,14.2,83.4,260,253,0,0,175,0,0,14.1,12.4,9.9
2026-08-20T02:33:08Z,0,0,0,0,0,0,13.9,853.1,14.1,14.3,83.1,259,254,0,0,175,0,0,14.1,12.4,9.9
2026-08-20T02:48:30Z,0,0,0,0,0,0,14,853.2,14.3,14.4,83,260,253,0,0,175,0,0,14.3,12.5,10.1
2026-08-20T03:03:38Z,0,0,0,0,0,0,14.1,853.3,14.4,14.6,82.9,260,253,0,0,175,0,0,14.4,12.6,10.2
2026-08-20T03:18:47Z,0,0,0,0,0,0,14.2,853.3,14.5,14.7,81.9,260,255,0,0,175,0,0,14.5,12.6,10.3
2026-08-20T03:33:55Z,0,0,0,0,0,0,14.1,853.4,14.4,14.6,81.9,262,272,0,0,175,0.2,0.2,14.4,12.5,10.2
2026-08-20T03:49:04Z,0,0,0,0.1,0,0,14.1,853.7,14.3,14.5,81.7,269,342,0,0,175,0,0,14.3,12.5,10.1
2026-08-20T04:04:33Z,0,0,0,0.1,0,0,14.1,853.9,14.4,14.6,81.7,278,444,0,0,175,0,0,14.4,12.5,10.2
2026-08-20T04:19:41Z,0,0,0,0.2,0,0,14.3,854.1,14.6,14.7,81.2,290,568,0,0.2,79,0.7,0.7,14.6,12.6,10.4
2026-08-20T04:34:50Z,0,0,0,0.2,0,0,14.6,854.2,14.8,14.9,80.6,302,731,0,0,79,0,0,14.8,12.7,10.6
2026-08-20T04:49:58Z,0,0,0,0.3,0,0,14.9,854.4,15.3,15.3,78.1,311,842,0,0,79,0,0,15.1,12.8,10.9
2026-08-20T05:05:06Z,0,0,0,0.4,0,0,15.5,854.6,15.8,15.9,77.1,324,975,0,0,79,0,0,15.7,13.2,11.5
2026-08-20T05:20:29Z,0,0,0,0.5,0,0,16,854.7,16.1,16.2,74.8,343,1182,0,0.1,74,0.4,0.4,16,13.3,11.8
2026-08-20T05:35:38Z,0,0,0,0.6,0,0,16.1,854.8,16.3,16.3,76,368,1499,0,0,74,0,0,16.1,13.5,11.9
2026-08-20T05:50:46Z,0,0,0,0.5,0,0,16.1,854.8,16.3,16.3,76.3,353,1326,0,0,176,0,0,16.2,13.6,12
2026-08-20T06:05:55Z,0,0,0,0.8,0,0,16.4,854.8,16.6,16.6,76.6,396,1804,0,0,176,0,0,16.5,13.9,12.3
2026-08-20T06:21:03Z,0,0,0,0.7,0,0,16.8,854.9,16.9,17,74.1,381,1638,0,0.9,176,1.3,1.3,16.8,13.9,12.6
2026-08-20T06:36:32Z,0,0,0,0.8,0,0,17.2,855,17.4,17.4,73.6,405,1892,0,0,176,0,0,17.3,14.3,13
2026-08-20T06:51:40Z,0,0,0,0.9,0,0,17.6,855,17.8,18.1,70.2,420,2085,0,0.1,176,0.4,0.4,18,14.6,13.7
2026-08-20T07:06:49Z,0,0,0,0.9,0,0,17.9,855.1,18.3,18.4,70.4,432,2209,0,0.1,176,0.4,0.4,18.2,14.8,13.9
2026-08-20T07:21:57Z,0,0,0,1.5,0,0,18.8,854.9,19.1,19.2,67,546,3495,0,0.6,176,1.3,1.3,19,15.1,14.7
2026-08-20T07:37:06Z,0,0,0,1.1,0,0,19.3,855,19.8,19.6,65.4,470,2615,0,0.4,176,1.1,1.1,19.5,15.4,15.1
2026-08-20T07:52:34Z,0,0,0,3.1,0,0,19.3,854.8,19.8,19.5,65.5,835,6922,0,0,176,0.2,0.2,19.3,15.2,15
2026-08-20T08:07:43Z,0,0,0,1.4,0,0,19.9,854.7,20.6,20.6,61.4,510,2608,0,0.8,176,1.3,1.3,20.4,15.7,16
2026-08-20T08:22:52Z,0,0,0,3.3,0,0,22.4,854.4,22.9,22.6,58.2,875,7145,0,0.3,181,0.9,0.9,22.5,17.1,17.7
2026-08-20T08:38:00Z,0,0,0,3.4,0,0,21.5,854.2,21.6,22.4,55.4,886,7425,0,1.4,73,1.7,1.7,22.3,16.5,17.5
2026-08-20T08:53:09Z,0,0,0,3.6,0,0,22,854,22.2,22.2,56.5,925,7952,0,0.1,188,0.7,0.7,22.1,16.6,17.4
2026-08-20T09:08:37Z,0,0,0,3.5,0,0,22.2,853.7,22.4,22.5,56,903,7456,0,0.3,347,0.7,0.7,22.3,16.7,17.6
2026-08-20T09:23:41Z,0,0,0,3.5,0,0,22.2,853.5,23,23.1,53.3,910,7587,0,0.7,184,1.9,1.9,22.9,16.8,18.1
2026-08-20T09:38:49Z,0,0,0,3.6,0,0,23.4,853.2,23.9,24.2,50.2,933,7801,0,1.4,195,2.3,2.3,24.1,17.3,19
2026-08-20T09:53:58Z,0,0,0,1,0,0,23.3,853,23.4,23.6,51.5,450,2107,0,0.7,108,2,2,23.5,17,18.5
2026-08-20T10:09:06Z,0,0,0,3.6,0,0,23.6,852.6,24.1,24.2,49.7,926,7735,0,1.4,182,3.7,3.7,24.1,17.2,19
2026-08-20T10:24:15Z,0,0,0,3.7,0,0,24.8,852.4,25,25.6,46.5,941,7970,0,0.8,86,2,2,25.6,18,20.2
2026-08-20T10:39:41Z,0,0,0,3.4,0,0,24.4,852.2,24.4,25.4,46.3,884,7363,0,2.4,87,3.1,3.1,25.3,17.8,20
2026-08-20T10:54:49Z,0,0,0,2.7,0,0,24,852.1,24.4,24.9,47.1,757,6011,0,0.3,91,1.1,1.1,24.7,17.4,19.6
2026-08-20T11:09:57Z,0,0,0,3.1,0,0,23.4,851.8,23.9,24.1,49.8,828,6940,0,0.8,140,1.7,1.7,24,17.2,19
2026-08-20T11:25:05Z,0,0,0,2.9,0,0,23.6,851.6,23.8,24.3,49.8,790,6437,0,1.7,80,2.9,2.9,24.2,17.3,19.1
2026-08-20T11:40:13Z,0,0,0,2.8,0,0,24.3,851.6,24.7,25.1,47.7,789,6385,0,0.3,167,1.3,1.3,25.1,17.8,19.8
2026-08-20T11:55:21Z,0,0,0,1.2,0,0,24.8,851.4,25.1,25.8,46.1,489,2561,0,0.8,95,2.1,2.1,25.7,18,20.3
2026-08-20T12:10:43Z,0,0,0,2.7,0,0,24.9,851.3,25.3,26,45.7,764,6150,0,0.6,153,1.5,1.5,25.9,18.1,20.5
2026-08-20T12:25:51Z,0,0,0,0.8,0,0,24.4,851.4,24.4,25.2,47.2,410,1811,0,0.4,63,1.1,1.1,25.1,17.7,19.8
2026-08-20T12:41:00Z,0,0,0,2.1,0,0,23.7,851.1,24.2,24.4,48.2,645,4783,0,1.5,181,3.1,3.1,24.3,17.2,19.2
2026-08-20T12:56:08Z,0,0,0,1.9,0,0,24.7,851.1,25,25.5,45.6,609,4408,0,1.9,70,4.1,4.1,25.4,17.7,20.1
2026-08-20T13:11:17Z,0,0,0,0.7,0,0,23.7,851.1,23.9,24.2,49.1,393,1714,0,0.9,66,2,2,24.1,17.2,19.1
2026-08-20T13:26:25Z,0,0,0,0.8,0,0,24.4,851.1,24.5,25.1,46.4,413,1851,0,1.8,74,3.9,3.9,24.9,17.5,19.7
2026-08-20T13:41:47Z,0,0,0,0.6,0,0,24.2,851.1,24.3,24.8,46.6,372,1455,0,0.7,67,1.5,1.5,24.6,17.3,19.5
2026-08-20T13:56:55Z,0,0,0,0.6,0,0,23.7,851.1,24,24.3,48.1,359,1278,0,0.2,78,0.7,0.7,24.2,17.1,19.1
2026-08-20T14:12:04Z,0,0,0,0.4,0,0,23.5,851.2,23.6,24,48.9,333,951,0,0,61,0,0,23.9,17,18.9
2026-08-20T14:27:13Z,0,0,0,0.5,0,0,23.4,851.3,23.6,23.9,49.2,342,1147,0,0.2,70,0.7,0.7,23.7,16.9,18.7
2026-08-20T14:42:38Z,0,0,0,0.2,0,0,23.1,851.4,23.3,23.5,49.6,301,622,0,0.2,163,0.9,0.9,23.4,16.7,18.5
2026-08-20T14:58:02Z,0,0,0,0.2,0,0,22.5,851.5,22.7,22.9,50.7,291,599,0,0.2,73,0.9,0.9,22.8,16.3,18
2026-08-20T15:13:10Z,0,0,0,0.1,0,0,22.4,851.8,22.6,22.8,50.2,267,316,0,0.5,75,1.3,1.3,22.6,16.1,17.8
2026-08-20T15:28:19Z,0,0,0,0,0,0,22.4,851.8,22.6,22.7,50.3,262,271,0,0.4,79,1.1,1.1,22.5,16.1,17.7
2026-08-20T15:43:27Z,0,0,0,0,0,0,22.3,851.9,22.4,22.6,50.3,261,257,0,0.2,133,0.9,0.9,22.4,16,17.7
2026-08-20T15:58:35Z,0,0,0,0,0,0,22.1,852,22.2,22.5,50.7,260,254,0,0.7,175,2.6,2.6,22.3,15.9,17.5
2026-08-20T16:13:44Z,0,0,0,0,0,0,21.9,852.2,22.1,22.3,51.1,260,254,0,0.1,71,0.7,0.7,22.1,15.8,17.4
2026-08-20T16:29:07Z,0,0,0,0,0,0,21.6,852.2,21.8,22,51.8,261,254,0,0.4,71,1.5,1.5,21.8,15.7,17.1
2026-08-20T16:44:15Z,0,0,0,0,0,0,21.5,852.3,21.6,21.8,52.3,261,254,0,0.2,71,1.7,1.7,21.6,15.6,17
2026-08-20T16:59:23Z,0,0,0,0,0,0,21.3,852.6,21.4,21.6,52.6,259,252,0,0.2,71,0.9,0.9,21.4,15.5,16.8
2026-08-20T17:14:32Z,0,0,0,0,0,0,21,852.7,21.2,21.4,53.9,259,253,0,0,71,0.2,0.2,21.2,15.4,16.6
2026-08-20T17:29:40Z,0,0,0,0,0,0,20.6,852.7,20.8,21,55.3,261,254,0,0,71,0.2,0.2,20.8,15.3,16.3
2026-08-20T17:45:09Z,0,0,0,0,0,0,20.4,852.7,20.6,20.7,57.1,261,253,0,0,71,0,0,20.5,15.3,16
2026-08-20T18:00:17Z,0,0,0,0,0,0,20.4,852.9,20.6,20.8,56.3,260,254,0,0.1,71,0.4,0.4,20.6,15.2,16.1
2026-08-20T18:15:26Z,0,0,0,0,0,0,20.4,853.2,20.5,20.8,55.6,260,253,0,0.2,165,0.7,0.7,20.6,15.1,16.1
2026-08-20T18:30:36Z,0,0,0,0,0,0,20.2,853.2,20.3,20.6,55.6,261,253,0,0,78,0,0,20.4,14.9,15.9
2026-08-20T18:45:45Z,0,0,0,0,0,0,19.6,853.3,19.8,20,57,260,253,0,0.1,124,0.4,0.4,19.8,14.6,15.3
2026-08-20T19:01:12Z,0,0,0,0,0,0,19.2,853.5,19.4,19.6,58.6,260,254,0,0,179,0,0,19.4,14.5,15
2026-08-20T19:16:21Z,0,0,0,0,0,0,18.7,853.7,18.8,19,60.3,260,253,0,0.2,60,0.7,0.7,18.7,14.1,14.4
2026-08-20T19:31:30Z,0,0,0,0,0,0,18.6,853.7,18.7,19,61.3,260,252,0,0.1,130,0.4,0.4,18.7,14.3,14.4
2026-08-20T19:46:39Z,0,0,0,0,0,0,18.3,853.7,18.5,18.7,62.9,260,253,0,0.3,148,1.5,1.5,18.5,14.2,14.2
2026-08-20T20:01:47Z,0,0,0,0,0,0,17.9,853.7,18.1,18.3,64,261,253,0,0,148,0,0,18.1,14,13.8
2026-08-20T20:17:15Z,0,0,0,0,0,0,17.5,853.6,17.6,17.8,66.4,260,254,0,0,148,0,0,17.6,13.8,13.4
2026-08-20T20:32:24Z,0,0,0,0,0,0,16.9,853.7,17,17.3,68.2,260,255,0,0,148,0,0,17,13.5,12.8
2026-08-20T20:47:33Z,0,0,0,0,0,0,16.7,853.8,16.8,17,69.5,260,254,0,0,148,0.2,0.2,16.8,13.4,12.6
2026-08-20T21:02:41Z,0,0,0,0,0,0,16.5,853.8,16.7,16.8,69.9,260,254,0,0.7,50,2,2,16.6,13.3,12.4
2026-08-20T21:17:50Z,0,0,0,0,0,0,16.4,853.7,16.5,16.7,70.2,261,254,0,0,65,0,0,16.5,13.3,12.3
2026-08-20T21:33:19Z,0,0,0,0,0,0,15.8,853.6,16.1,16.2,71.8,260,253,0,0,65,0.2,0.2,16,12.9,11.8
2026-08-20T21:48:28Z,0,0,0,0,0,0,15.5,853.5,15.9,15.9,72.8,260,252,0,0,65,0,0,15.7,12.8,11.5
2026-08-20T22:03:36Z,0,0,0,0,0,0,15.1,853.6,15.4,15.5,74.5,260,252,0,0,65,0,0,15.3,12.6,11.1
2026-08-20T22:18:45Z,0,0,0,0,0,0,14.7,853.5,14.9,15,75.8,260,254,0,0,65,0,0,14.8,12.3,10.6
2026-08-20T22:33:54Z,0,0,0,0,0,0,14.4,853.4,14.8,14.9,75.4,259,253,0,0,65,0,0,14.6,12.1,10.4
2026-08-20T22:49:27Z,0,0,0,0,0,0,14.4,853.2,14.7,14.8,75.9,259,252,0,0,65,0.4,0.4,14.5,12,10.3
2026-08-20T23:04:37Z,0,0,0,0,0,0,15.1,853.1,15.4,15.4,71.9,260,253,0,0,174,0,0,15.2,12.2,11
2026-08-20T23:19:46Z,0,0,0,0,0,0,14.7,852.9,14.9,15.1,71.6,260,254,0,0.6,171,1.3,1.3,14.9,11.9,10.7
2026-08-20T23:34:55Z,0,0,0,0,0,0,14.3,852.9,14.6,14.8,72.9,261,253,0,0.1,71,0.7,0.7,14.5,11.7,10.3
2026-08-20T23:50:04Z,0,0,0,0,0,0,14,852.9,14.2,14.3,76.1,260,253,0,0,71,0,0,14.1,11.6,9.8
2026-08-21T00:00:23Z,0,0,0,0,0,0,13.6,852.8,13.9,14,78.2,260,253,0,0,71,0,0,13.8,11.6,9.5
2026-08-21T00:15:32Z,0,0,0,0,0,0,13.1,852.8,13.4,13.6,81.8,260,255,0,0,71,0,0,13.3,11.5,9.1
2026-08-21T00:30:42Z,0,0,0,0,0,0,13.3,852.8,13.7,13.8,81.7,259,254,0,0,71,0.2,0.2,13.6,11.8,9.4
2026-08-21T00:45:51Z,0,0,0,0,0,0,13.6,852.8,14.1,14.2,80.3,261,253,0,0,71,0,0,14,12,9.8
2026-08-21T01:01:46Z,0,0,0,0,0,0,13.8,852.7,14.2,14.3,78.3,260,254,0,0,71,0,0,14.1,11.9,9.9
2026-08-21T01:16:55Z,0,0,0,0,0,0,13.7,852.8,14,14.1,79.3,261,253,0,0,71,0,0,13.9,11.8,9.7
2026-08-21T01:32:04Z,0,0,0,0,0,0,13.3,852.8,13.6,13.7,80.8,261,253,0,0,71,0,0,13.5,11.6,9.2
2026-08-21T01:47:28Z,0,0,0,0,0,0,13,852.9,13.2,13.4,81.8,259,253,0,0,71,0,0,13.1,11.4,8.9
2026-08-21T02:02:30Z,0,0,0,0,0,0,12.5,853,12.8,13,84.2,261,253,0,0,71,0,0,12.8,11.3,8.5
2026-08-21T02:17:39Z,0,0,0,0,0,0,12.3,853.1,12.6,12.8,85.4,260,253,0,0,71,0,0,12.6,11.2,8.3
2026-08-21T02:32:48Z,0,0,0,0,0,0,12.3,853.1,12.6,12.8,86,261,254,0,0,71,0,0,12.6,11.3,8.3
2026-08-21T02:47:57Z,0,0,0,0,0,0,12.2,853.3,12.4,12.7,85.8,260,253,0,0,71,0,0,12.4,11.1,8.2
2026-08-21T03:03:06Z,0,0,0,0,0,0,12.2,853.5,12.6,12.7,85.9,261,253,0,0,71,0,0,12.5,11.2,8.2
2026-08-21T03:18:32Z,0,0,0,0,0,0,12.4,853.6,12.8,13,85.5,260,255,0,0,71,0,0,12.8,11.4,8.5
2026-08-21T03:33:40Z,0,0,0,0,0,0,12.7,853.6,13,13.2,84.9,261,268,0,0,71,0,0,13,11.5,8.7
2026-08-21T03:48:50Z,0,0,0,0,0,0,13.1,853.7,13.5,13.6,84.1,265,322,0,0,71,0,0,13.4,11.8,9.2
2026-08-21T04:03:59Z,0,0,0,0.1,0,0,13.5,853.9,13.9,13.9,82.9,275,401,0,0,71,0,0,13.7,12,9.5
2026-08-21T04:19:09Z,0,0,0,0.2,0,0,14,853.9,14.4,14.4,81.3,284,518,0,0,71,0,0,14.2,12.3,10
2026-08-21T04:34:35Z,0,0,0,0.2,0,0,14.5,854,14.8,14.9,78.7,299,677,0,0,71,0,0,14.7,12.5,10.5
2026-08-21T04:49:44Z,0,0,0,0.3,0,0,15,854.1,15.2,15.4,76.1,315,880,0,0,71,0,0,15.2,12.7,11
2026-08-21T05:04:53Z,0,0,0,0.4,0,0,15.4,854.2,15.8,15.9,73.8,340,1155,0,0,71,0,0,15.7,12.9,11.5
2026-08-21T05:20:03Z,0,0,0,0.4,0,0,16.2,854.5,16.3,16.6,72.2,334,1068,0,0.2,71,0.4,0.4,16.4,13.4,12.2
2026-08-21T05:35:12Z,0,0,0,0.5,0,0,16.3,854.7,16.4,16.8,70.6,346,1236,0,0.3,71,0.7,0.7,16.6,13.4,12.4
2026-08-21T05:50:37Z,0,0,0,0.6,0,0,16.4,854.8,16.5,17,70.6,369,1482,0,0.1,71,0.4,0.4,16.8,13.5,12.5
2026-08-21T06:05:46Z,0,0,0,0.8,0,0,16.7,855,16.8,17.3,68.9,398,1817,0,0,71,0.2,0.2,17.1,13.6,12.9
2026-08-21T06:20:55Z,0,0,0,0.9,0,0,17.7,855,18.1,18.2,67.5,429,2152,0,0,71,0,0,18,14.3,13.7
2026-08-21T06:36:03Z,0,0,0,0.9,0,0,18.5,855,18.5,18.9,63.8,433,2184,0,0.2,71,0.7,0.7,18.7,14.5,14.4
2026-08-21T06:51:12Z,0,0,0,1,0,0,18,855.1,18.4,18.6,65.1,442,2307,0,0,71,0,0,18.4,14.4,14.1
2026-08-21T07:06:40Z,0,0,0,1.1,0,0,19,854.9,19.3,19.7,61.2,472,2638,0,0.1,71,0.4,0.4,19.5,14.9,15.1
2026-08-21T07:21:49Z,0,0,0,1.7,0,0,19,854.8,19,19.7,62.2,573,3769,0,0.1,71,0.4,0.4,19.5,15,15.1
2026-08-21T07:36:58Z,0,0,0,1.8,0,0,21.3,854.8,21.4,21.7,54.7,589,3902,0,0.2,71,0.7,0.7,21.5,15.8,16.9
2026-08-21T07:52:49Z,0,0,0,2.4,0,0,20.9,854.6,20.2,20.3,58.3,706,5451,0,0.6,70,1.5,1.5,20.1,15,15.6
2026-08-21T08:07:57Z,0,0,0,1.8,0,0,20.7,854.6,21.2,21,56.7,590,3864,0,0.2,164,0.7,0.7,20.8,15.4,16.3
2026-08-21T08:23:05Z,0,0,0,2.3,0,0,21.6,854.5,22.4,22.3,52.2,689,4909,0,0.2,164,0.7,0.7,22.1,16,17.4
2026-08-21T08:38:14Z,0,0,0,1.6,0,0,22.1,854.2,21.9,22.4,52.5,565,3597,0,0,311,0,0,22.3,16.1,17.5
2026-08-21T08:53:51Z,0,0,0,1.5,0,0,21.5,854,21.6,21.3,54.8,546,3334,0,0,285,0.4,0.4,21.1,15.5,16.5
2026-08-21T09:08:59Z,0,0,0,1.3,0,0,21,853.7,21.6,21.5,53.6,507,2826,0,0.3,202,0.9,0.9,21.3,15.5,16.7
2026-08-21T09:24:08Z,0,0,0,1.3,0,0,22.5,853.5,22.8,22.5,51.9,506,2649,0,0.4,142,1.3,1.3,22.3,16.1,17.5
2026-08-21T09:39:16Z,0,0,0,3.7,0,0,22.8,853.2,23.2,22.9,52.1,955,8015,0,1.6,232,2.2,2.2,22.8,16.5,17.9
2026-08-21T09:54:24Z,0,0,0,3.8,0,0,23.6,852.9,23.4,23.5,49.4,959,8014,0,0.4,145,1.1,1.1,23.4,16.6,18.5
2026-08-21T10:09:49Z,0,0,0,3.7,0,0,23.6,852.7,23.8,24.5,46.9,951,7977,0,0,119,0.4,0.4,24.3,17.1,19.2
2026-08-21T10:24:59Z,0,0,0,3.5,0,0,24.3,852.5,25,24.8,44.6,906,7432,0,0.7,147,1.7,1.7,24.6,16.9,19.5
2026-08-21T10:40:07Z,0,0,0,3.5,0,0,24.7,852.2,24.7,25.4,43.6,912,7475,0,0.1,127,1.1,1.1,25.2,17.3,19.9
2026-08-21T10:55:15Z,0,0,0,3.2,0,0,25.6,851.9,25.9,26.4,42.3,860,6887,0,0.1,63,0.7,0.7,26.2,17.9,20.7
2026-08-21T11:10:23Z,0,0,0,3.1,0,0,25.5,851.5,25.8,26.4,40.7,830,6554,0,0.4,160,1.3,1.3,26.3,17.6,20.8
2026-08-21T11:25:51Z,0,0,0,2.8,0,0,25.3,851.3,26.1,26.1,41.1,785,6110,0,0.2,160,0.9,0.9,26,17.5,20.6
2026-08-21T11:40:59Z,0,0,0,2.7,0,0,25,851,25.8,25.6,43.1,756,5800,0,1.1,170,1.7,1.7,25.5,17.4,20.2
2026-08-21T11:56:08Z,0,0,0,2.5,0,0,27.1,850.7,27.9,27.9,38.7,717,5406,0,0.5,159,1.3,1.3,27.5,18.5,21.7
2026-08-21T12:11:15Z,0,0,0,2.3,0,0,27.1,850.7,27.6,28.1,36.7,684,5058,0,0.4,159,1.1,1.1,27.6,18.3,21.7
2026-08-21T12:26:23Z,0,0,0,2.1,0,0,26.3,850.6,26.4,27.2,39,655,4739,0,0.2,70,0.7,0.7,26.9,18,21.2
2026-08-21T12:41:47Z,0,0,0,1.9,0,0,27.8,850.5,28,28.9,35.3,614,4240,0,0.5,71,1.8,1.8,28.2,18.7,22.1
2026-08-21T12:56:55Z,0,0,0,1.7,0,0,27.1,850.2,27.6,28.5,36.2,579,3864,0,0.4,72,0.9,0.9,27.8,18.5,21.9
2026-08-21T13:12:03Z,0,0,0,1.5,0,0,26.2,850.2,26.9,27.1,38.5,528,3301,0,1.5,156,3.4,3.4,26.9,17.8,21.2
2026-08-21T13:27:11Z,0,0,0,1.3,0,0,25.8,850.1,26.2,26.5,38.9,494,2908,0,1.7,69,2.5,2.5,26.3,17.4,20.8
2026-08-21T13:42:34Z,0,0,0,1,0,0,26.3,850.1,27.1,27.4,36.3,445,2388,0,0.8,70,2,2,26.9,17.6,21.2
2026-08-21T13:57:59Z,0,0,0,0.8,0,0,27.1,850.1,27.7,28.6,34.8,407,1958,0,0.1,70,0.9,0.9,27.8,18.3,21.9
2026-08-21T14:13:07Z,0,0,0,0.5,0,0,26.3,850.2,26.8,27.5,37.5,344,1113,0,0.4,70,1.7,1.7,27.1,17.9,21.3
2026-08-21T14:28:15Z,0,0,0,0.3,0,0,25.5,850.3,25.8,26.1,40.3,313,728,0,0,77,0.2,0.2,25.9,17.3,20.5
2026-08-21T14:43:24Z,0,0,0,0.2,0,0,24.8,850.6,25,25.2,41.4,297,566,0,1.4,75,3.3,3.3,25.1,16.8,19.8
2026-08-21T14:58:32Z,0,0,0,0.2,0,0,24.4,850.7,24.6,24.8,42,287,479,0,0.4,69,1.5,1.5,24.6,16.5,19.4
2026-08-21T15:13:40Z,0,0,0,0.1,0,0,24,850.8,24.2,24.4,43.2,276,400,0,0.5,71,1.5,1.5,24.2,16.4,19.1
2026-08-21T15:29:03Z,0,0,0,0,0,0,23.5,850.9,23.8,23.9,44.6,265,302,0,0.3,149,1.3,1.3,23.7,16.2,18.7
2026-08-21T15:44:11Z,0,0,0,0,0,0,23.1,851.1,23.2,23.4,46,260,263,0,0.4,76,1.1,1.1,23.2,16,18.3
2026-08-21T15:59:19Z,0,0,0,0,0,0,22.6,851.2,22.7,22.9,47,261,254,0,0.2,120,0.7,0.7,22.7,15.7,17.9
2026-08-21T16:15:12Z,0,0,0,0,0,0,22.1,851.3,22.2,22.4,48.2,260,253,0,0.3,141,1.1,1.1,22.2,15.5,17.5
2026-08-21T16:30:33Z,0,0,0,0,0,0,21.8,851.6,21.9,22.1,49.2,261,253,0,0,141,0,0,21.9,15.4,17.2
2026-08-21T16:45:41Z,0,0,0,0,0,0,21.5,851.9,21.6,21.7,50.1,262,254,0,0,79,0,0,21.5,15.2,16.9
2026-08-21T17:01:06Z,0,0,0,0,0,0,21.2,852.1,21.4,21.5,50.8,261,253,0,0.4,79,0.7,0.7,21.2,15.1,16.7
2026-08-21T17:16:15Z,0,0,0,0,0,0,20.8,852.2,21,21.2,51.7,260,253,0,0.1,168,0.4,0.4,21,15,16.4
2026-08-21T17:31:23Z,0,0,0,0,0,0,20.5,852.3,20.6,20.8,52.9,260,254,0,0,168,0,0,20.6,14.8,16.1
2026-08-21T17:46:33Z,0,0,0,0,0,0,20.3,852.4,20.4,20.7,54.7,261,253,0,1.2,155,2.2,2.2,20.4,14.9,15.9
2026-08-21T18:01:41Z,0,0,0,0,0,0,20.2,852.6,20.3,20.6,57.3,260,253,0,1.5,183,4.4,4.4,20.4,15.2,15.9
2026-08-21T18:17:09Z,0,0,0,0,0,0,19.8,852.8,20,20.2,59.4,261,254,0,0,170,0,0,20.1,15.2,15.6
2026-08-21T18:32:17Z,0,0,0,0,0,0,19.6,853.1,19.7,19.9,61.3,261,254,0,0.1,210,0.7,0.7,19.8,15.1,15.3
2026-08-21T18:47:26Z,0,0,0,0,0,0,19.3,853.1,19.5,19.7,62.4,260,253,0,0.1,173,0.7,0.7,19.6,15.1,15.2
2026-08-21T19:02:34Z,0,0,0,0,0,0,19.2,853.6,19.3,19.6,63.2,259,255,0,0.4,173,0.9,0.9,19.4,15,15
2026-08-21T19:17:43Z,0,0,0,0,0,0,19.1,853.7,19.2,19.5,64.1,259,253,0,0,71,0.2,0.2,19.3,15.1,14.9
2026-08-21T19:32:51Z,0,0,0,0,0,0,19,853.8,19.2,19.4,64.7,261,254,0,0.1,71,0.4,0.4,19.3,15.1,14.9
2026-08-21T19:48:13Z,0,0,0,0,0,0,18.8,853.8,19,19.2,65.6,261,253,0,0.2,69,0.9,0.9,19.1,15,14.7
2026-08-21T20:03:22Z,0,0,0,0,0,0,18.6,853.8,18.8,19.1,66.7,260,254,0,0.1,170,0.4,0.4,18.9,15,14.6
2026-08-21T20:18:31Z,0,0,0,0,0,0,18.2,853.7,18.4,18.6,67.9,260,253,0,0.2,170,0.4,0.4,18.5,14.7,14.2
2026-08-21T20:33:40Z,0,0,0,0,0,0,17.8,853.8,17.9,18.2,69.2,260,253,0,0.1,170,0.7,0.7,18.1,14.5,13.8
2026-08-21T20:48:49Z,0,0,0,0,0,0,17.4,853.8,17.6,17.8,70.8,260,254,0,0,170,0.2,0.2,17.6,14.3,13.4
2026-08-21T21:04:20Z,0,0,0,0,0,0,17.1,853.8,17.2,17.4,72.4,260,252,0,0.4,170,0.7,0.7,17.3,14.2,13
2026-08-21T21:19:29Z,0,0,0,0,0,0,16.9,853.7,17.1,17.3,73.7,259,253,0,0,170,0,0,17.1,14.2,12.9
2026-08-21T21:34:37Z,0,0,0,0,0,0,16.7,853.6,16.9,17.1,74.8,259,253,0,0.2,170,0.7,0.7,16.9,14.1,12.7
2026-08-21T21:49:46Z,0,0,0,0,0,0,16.8,853.6,17,17.2,74.8,260,253,0,0,170,0,0,17.1,14.2,12.8
2026-08-21T22:05:20Z,0,0,0,0,0,0,16.8,853.4,16.9,17.2,74.9,260,253,0,0,69,0,0,17.1,14.3,12.9
2026-08-21T22:20:29Z,0,0,0,0,0,0,16.7,853.3,16.9,17.2,75.2,261,253,0,0.2,69,0.5,0.5,17,14.3,12.8
2026-08-21T22:35:38Z,0,0,0,0,0,0,16.7,853,16.8,17.1,75.7,260,253,0,0,69,0.2,0.2,17,14.2,12.8
2026-08-21T22:50:46Z,0,0,0,0,0,0,16.4,853,16.6,16.8,76.6,259,253,0,0.1,69,0.2,0.2,16.7,14.1,12.5
2026-08-21T23:06:14Z,0,0,0,0,0,0,16.3,852.9,16.4,16.7,77.5,259,253,0,0,69,0.4,0.4,16.6,14.1,12.4
2026-08-21T23:21:22Z,0,0,0,0,0,0,16.2,852.8,16.4,16.6,78.1,261,255,0,0,69,0,0,16.5,14.1,12.3
2026-08-21T23:36:31Z,0,0,0,0,0,0,16.1,852.7,16.2,16.5,79,259,253,0,0.5,57,1.5,1.5,16.4,14,12.2
2026-08-21T23:51:39Z,0,0,0,0,0,0,15.7,852.7,16.1,16.1,79.7,260,253,0,0,58,0,0,16,13.7,11.8
2026-08-22T00:00:44Z,0,0,0,0,0,0,15.5,852.7,15.8,15.9,80.7,259,253,0,0,58,0,0,15.7,13.6,11.5
2026-08-22T00:15:53Z,0,0,0,0,0,0,15.1,852.4,15.4,15.4,82.7,261,252,0,0,58,0,0,15.3,13.5,11.1
2026-08-22T00:31:22Z,0,0,0,0,0,0,14.7,852.3,15,15.1,84.1,260,255,0,0,58,0,0,15,13.3,10.8
2026-08-22T00:46:31Z,0,0,0,0,0,0,14.4,852.5,14.7,14.8,85.5,260,253,0,0,58,0,0,14.6,13.1,10.4
2026-08-22T01:01:40Z,0,0,0,0,0,0,14.1,852.5,14.2,14.4,86.4,261,254,0,0,58,0,0,14.3,12.9,10.1
2026-08-22T01:17:27Z,0,0,0,0,0,0,13.8,852.6,14.1,14.2,87.7,260,254,0,0,58,0,0,14.1,12.8,9.9
2026-08-22T01:32:35Z,0,0,0,0,0,0,13.6,852.7,13.9,14,88.5,260,253,0,0,58,0,0,13.9,12.7,9.7
2026-08-22T01:47:44Z,0,0,0,0,0,0,13.4,852.8,13.8,13.9,89.5,262,254,0,0,58,0,0,13.7,12.7,9.5
2026-08-22T02:02:52Z,0,0,0,0,0,0,13.3,853.1,13.7,13.8,89.3,259,253,0,0,58,0,0,13.7,12.6,9.4
2026-08-22T02:18:01Z,0,0,0,0,0,0,13.4,853.2,13.8,14,89.3,259,254,0,0,58,0,0,13.9,12.8,9.6
2026-08-22T02:33:27Z,0,0,0,0,0,0,13.6,853.3,13.9,14.1,88.5,260,253,0,0,58,0,0,14,12.8,9.8
2026-08-22T02:48:36Z,0,0,0,0,0,0,13.6,853.4,13.9,14,88.4,260,253,0,0,58,0,0,13.9,12.7,9.7
2026-08-22T03:03:45Z,0,0,0,0,0,0,13.3,853.4,13.6,13.7,89.6,259,253,0,0,58,0,0,13.6,12.5,9.3
2026-08-22T03:18:54Z,0,0,0,0,0,0,13.1,853.5,13.3,13.5,89.7,262,256,0,0,58,0,0,13.4,12.3,9.1
2026-08-22T03:34:03Z,0,0,0,0,0,0,12.7,853.6,12.9,13.1,89.9,264,283,0,0,58,0,0,13,12,8.8
2026-08-22T03:49:30Z,0,0,0,0.1,0,0,12.6,853.9,12.9,13.1,91.6,272,382,0,0,58,0,0,13,12.2,8.7
2026-08-22T04:04:39Z,0,0,0,0.2,0,0,13.1,853.9,13.5,13.6,91.2,290,615,0,0,58,0,0,13.6,12.6,9.3
2026-08-22T04:19:47Z,0,0,0,0.2,0,0,13.9,854,14.4,14.6,87.9,299,697,0,0,57,0,0,14.5,13.2,10.3
2026-08-22T04:34:56Z,0,0,0,0.2,0,0,14.7,854.3,15.1,15.2,85.4,301,706,0,0,57,0,0,15.1,13.5,10.9
2026-08-22T04:50:25Z,0,0,0,0.2,0,0,15.2,854.2,15.6,15.6,83.8,297,654,0,0.1,342,0.4,0.4,15.5,13.7,11.3
2026-08-22T05:05:34Z,0,0,0,0.3,0,0,15.6,854.5,16,16,83.2,306,774,0,0,332,0,0,15.9,14,11.7
2026-08-22T05:20:43Z,0,0,0,0.4,0,0,16,854.7,16.3,16.3,82.5,340,1171,0,0.3,325,0.7,0.7,16.2,14.3,12
2026-08-22T05:35:52Z,0,0,0,0.7,0,0,16.7,854.7,16.9,17.1,80.7,393,1750,0,0.2,237,0.9,0.9,17,14.8,12.8
2026-08-22T05:51:01Z,0,0,0,1,0,0,17.9,854.7,18.1,18,76.6,437,2229,0,0.7,275,1.5,1.5,18,15.2,13.7
2026-08-22T06:06:29Z,0,0,0,1.2,0,0,19,854.8,19.1,19.1,72.7,487,2816,0,0,287,0.4,0.4,19,15.8,14.7
2026-08-22T06:21:37Z,0,0,0,1.1,0,0,20.1,854.8,20.2,20,69.1,456,2430,0,0.3,73,1,1,20,16.2,15.5
2026-08-22T06:36:45Z,0,0,0,1.3,0,0,20.8,854.9,21,21.1,65.8,500,2891,0,0.1,73,0.4,0.4,21.1,16.8,16.5
2026-08-22T06:51:54Z,0,0,0,1.6,0,0,21.3,855,21.1,20.8,64.3,548,3410,0,0.8,334,1.1,1.1,20.7,16.3,16.2
2026-08-22T07:07:03Z,0,0,0,2.7,0,0,22.4,855,22.8,22.5,59.1,758,5794,0,0.4,76,0.9,0.9,22.4,17.1,17.7
2026-08-22T07:22:31Z,0,0,0,3,0,0,23.1,854.7,24.1,23.5,55.5,822,6525,0,0,76,0.2,0.2,23.4,17.5,18.5
2026-08-22T07:37:40Z,0,0,0,1.1,0,0,22.3,854.6,22.8,22.5,55.6,463,2387,0,0.6,172,1.2,1.2,22.4,16.6,17.6
2026-08-22T07:52:48Z,0,0,0,1.2,0,0,21.8,854.4,21.9,22.3,56.2,479,2645,0,0.7,191,1.1,1.1,22.1,16.5,17.4
2026-08-22T08:07:56Z,0,0,0,1.3,0,0,21.7,854.2,22.1,22.1,57.8,498,2780,0,0.1,150,0.7,0.7,22,16.6,17.3
2026-08-22T08:23:04Z,0,0,0,3.9,0,0,23.3,854.1,23.4,23.9,52.3,981,8400,0,1.1,79,1.7,1.7,23.8,17.4,18.8
2026-08-22T08:38:13Z,0,0,0,4,0,0,23.8,853.9,23.9,24.7,48.7,994,8616,0,1.1,107,1.7,1.7,24.6,17.5,19.4
2026-08-22T08:53:34Z,0,0,0,4,0,0,25.1,853.6,25.3,25.1,48.7,1005,8672,0,0.7,325,1.5,1.5,25,17.9,19.8
2026-08-22T09:08:42Z,0,0,0,1.2,0,0,24.4,853.4,24.6,24.1,49.9,477,2499,0,2.1,242,2.6,2.6,24,17.2,19
2026-08-22T09:23:50Z,0,0,0,1,0,0,23.1,853.1,23.4,23.1,53.8,445,2184,0,0.1,246,0.4,0.4,23,16.9,18.1
2026-08-22T09:38:58Z,0,0,0,3.8,0,0,24.4,852.8,24.8,24.8,48.5,974,8146,0,1.3,111,2,2,24.7,17.6,19.5
2026-08-22T09:54:06Z,0,0,0,3.7,0,0,25.8,852.5,25.6,26.1,44.7,938,7792,0,0.7,75,1.3,1.3,26,18.1,20.6
2026-08-22T10:09:14Z,0,0,0,0.9,0,0,26,852.3,26,25.5,46.6,435,2000,0,0.8,263,1.3,1.3,25.4,17.8,20
2026-08-22T10:24:38Z,0,0,0,3.7,0,0,25.2,851.9,25.6,25,46.5,948,7876,0,0.5,228,1.3,1.3,24.9,17.4,19.7
2026-08-22T10:39:47Z,0,0,0,0.9,0,0,25.5,851.7,25.9,25.7,45.9,423,1836,0,0.6,160,1.1,1.1,25.7,18,20.3
2026-08-22T10:54:55Z,0,0,0,3.5,0,0,27.7,851.5,28.1,28.2,41.2,908,7442,0,0.3,82,0.9,0.9,27.9,19.2,22
2026-08-22T11:10:03Z,0,0,0,3.2,0,0,26.9,851.1,27.4,27.6,40,846,6741,0,0.4,67,0.9,0.9,27.3,18.5,21.5
2026-08-22T11:25:11Z,0,0,0,3.1,0,0,27.2,851.1,27.2,27.8,39.7,831,6542,0,0.3,68,0.7,0.7,27.5,18.6,21.7
2026-08-22T11:40:18Z,0,0,0,2.8,0,0,27.4,850.8,27.8,28.3,38.4,782,6081,0,0.5,160,1.5,1.5,27.8,18.8,21.9
2026-08-22T11:55:42Z,0,0,0,2.7,0,0,27.7,850.6,28.2,27.7,40,769,5868,0,0.4,243,1.7,1.7,27.4,18.6,21.6
2026-08-22T12:10:50Z,0,0,0,2.5,0,0,27,850.4,27.5,27.3,39.4,729,5463,0,1.2,171,2.8,2.8,27.1,18.2,21.3
2026-08-22T12:26:13Z,0,0,0,0.6,0,0,28.3,850.2,28.7,29,35.8,376,1275,0,0.7,84,1.3,1.3,28.3,18.8,22.2
2026-08-22T12:41:37Z,0,0,0,2.1,0,0,28.8,849.9,29.1,29.3,36,654,4657,0,0,82,0.2,0.2,28.6,19.1,22.4
2026-08-22T12:56:45Z,0,0,0,0.5,0,0,28.5,849.9,28.9,29.5,34.6,356,1107,0,0.2,174,0.7,0.7,28.6,19,22.5
2026-08-22T13:11:53Z,0,0,0,0.6,0,0,27.8,849.8,28.2,28.7,36.5,365,1207,0,1.6,175,3.1,3.1,28.1,18.7,22.1
2026-08-22T13:27:01Z,0,0,0,0.6,0,0,27.4,849.8,27.9,28.1,38,363,1241,0,0.8,153,1.7,1.7,27.7,18.6,21.8
2026-08-22T13:42:09Z,0,0,0,0.3,0,0,26.5,849.7,26.8,27.1,39,322,774,0,0.9,79,2,2,26.9,17.9,21.2
2026-08-22T13:57:17Z,0,0,0,1,0,0,26.5,850,26.7,27,39.7,445,2400,0,1.3,81,2.6,2.6,26.8,17.9,21.1
2026-08-22T14:12:42Z,0,0,0,0.6,0,0,27.3,849.9,27.7,28,38.9,367,1405,0,0.2,85,0.7,0.7,27.6,18.6,21.7
2026-08-22T14:27:51Z,0,0,0,0.3,0,0,26.8,850.1,27.1,27.3,40,315,768,0,0.3,168,0.9,0.9,27.1,18.3,21.4
2026-08-22T14:42:59Z,0,0,0,0.2,0,0,26.1,850.3,26.3,26.5,41.7,296,559,0,0.5,110,1.7,1.7,26.4,17.9,20.8
2026-08-22T14:58:49Z,0,0,0,0.2,0,0,25.5,850.4,25.6,25.9,42.7,287,477,0,0.9,75,3.1,3.1,25.8,17.6,20.4
2026-08-22T15:13:58Z,0,0,0,0.1,0,0,25.1,850.4,25.2,25.4,43.2,278,416,0,0,77,0.4,0.4,25.3,17.3,20
2026-08-22T15:29:06Z,0,0,0,0.1,0,0,24.7,850.5,24.9,25,44.2,267,292,0,0.3,78,1.3,1.3,24.9,17.1,19.7
2026-08-22T15:44:15Z,0,0,0,0,0,0,24.3,850.6,24.4,24.6,45.7,261,259,0,0.6,166,1.7,1.7,24.4,17,19.3
2026-08-22T15:59:23Z,0,0,0,0,0,0,23.8,850.8,23.9,24.1,46.8,260,253,0,0.6,77,1.7,1.7,23.9,16.7,18.9
2026-08-22T16:14:51Z,0,0,0,0,0,0,23.5,851,23.7,23.8,47.2,261,253,0,0.4,77,2,2,23.7,16.6,18.7
2026-08-22T16:29:59Z,0,0,0,0,0,0,23.4,851.1,23.5,23.7,47.7,260,254,0,0.3,81,0.9,0.9,23.5,16.5,18.6
2026-08-22T16:45:07Z,0,0,0,0,0,0,22.9,851,23.1,23.2,48.9,261,253,0,0.8,164,2.4,2.4,23.1,16.3,18.2
2026-08-22T17:00:16Z,0,0,0,0,0,0,22.5,851.1,22.6,22.8,50,259,253,0,0.3,130,1.1,1.1,22.6,16.1,17.8
2026-08-22T17:15:23Z,0,0,0,0,0,0,22.2,851.3,22.3,22.5,51.1,259,253,0,1,109,1.9,1.9,22.3,16,17.6
2026-08-22T17:30:48Z,0,0,0,0,0,0,22,851.5,22.1,22.2,52.9,261,254,0,0.3,131,1.3,1.3,22.1,16,17.4
2026-08-22T17:45:56Z,0,0,0,0,0,0,21.8,851.8,21.9,22.1,55.9,260,252,0,0.8,196,2.2,2.2,22,16.4,17.3
2026-08-22T18:01:05Z,0,0,0,0,0,0,21.5,851.8,21.7,21.9,60.6,259,253,0,1.8,171,3.7,3.7,21.8,16.8,17.1
2026-08-22T18:16:13Z,0,0,0,0,0,0,21,852.1,21.2,21.4,65.6,260,253,0,1.8,176,3.3,3.3,21.3,17,16.7
2026-08-22T18:31:22Z,0,0,0,0,0,0,20.3,852.4,20.5,20.7,72.3,259,254,0,1.7,162,3.7,3.7,20.7,17.3,16.2
2026-08-22T18:46:31Z,0,0,0,0,0,0,19.6,852.7,19.8,20,77.5,260,254,0,0.7,89,1.5,1.5,20.1,17.2,15.6
2026-08-22T19:01:52Z,0,0,0,0,0,0,19.3,853.2,19.4,19.7,79.5,260,254,0,0.2,154,0.4,0.4,19.8,17.2,15.3
2026-08-22T19:17:01Z,0,0,0,0,0,0,19.1,853.3,19.2,19.5,80.8,260,253,0,0.6,83,1.7,1.7,19.6,17.1,15.2
2026-08-22T19:32:09Z,0,0,0,0,0,0,18.9,853.6,19.1,19.4,81.1,261,254,0,1,112,3.1,3.1,19.4,17.1,15
2026-08-22T19:47:18Z,0,0,0,0,0,0,18.8,853.7,19,19.2,81.5,261,253,0,0.4,179,0.7,0.7,19.3,17,14.9
2026-08-22T20:02:26Z,0,0,0,0,0,0,18.7,853.6,18.8,19.1,81.8,260,253,0,0.2,89,0.7,0.7,19.1,16.9,14.8
2026-08-22T20:17:34Z,0,0,0,0,0,0,18.6,853.6,18.8,19,81.8,260,253,0,0.1,87,0.7,0.7,19,16.8,14.7
2026-08-22T20:32:57Z,0,0,0,0,0,0,18.4,853.4,18.6,18.9,82,260,254,0,0,87,0,0,18.9,16.7,14.6
2026-08-22T20:48:05Z,0,0,0,0,0,0,18.3,853.2,18.6,18.8,82.2,260,253,0,0.5,87,1.1,1.1,18.8,16.6,14.5
2026-08-22T21:03:13Z,0,0,0,0,0,0,18.2,853.2,18.4,18.6,82.9,259,253,0,0.1,146,1.3,1.3,18.7,16.6,14.3
2026-08-22T21:18:22Z,0,0,0,0,0,0,18.3,853.2,18.4,18.7,82.4,260,253,0,0.2,174,0.9,0.9,18.7,16.5,14.4
2026-08-22T21:33:30Z,0,0,0,0,0,0,18.2,853.1,18.4,18.6,82.2,259,253,0,1.3,172,2.4,2.4,18.7,16.5,14.3
2026-08-22T21:49:03Z,0,0,0,0,0,0,17.9,853,18.1,18.3,83.1,260,254,0,0,181,0.2,0.2,18.4,16.3,14.1
2026-08-22T22:04:12Z,0,0,0,0,0,0,17.6,852.9,17.8,18,84.4,260,254,0,1.2,121,2.8,2.8,18,16.1,13.8
2026-08-22T22:19:21Z,0,0,0,0,0,0,17.2,852.9,17.4,17.6,85.2,261,253,0,0.9,152,2.8,2.8,17.6,15.9,13.4
2026-08-22T22:34:30Z,0,0,0,0,0,0,17.2,852.8,17.3,17.5,85.5,260,254,0,1.1,177,2,2,17.6,15.8,13.3
2026-08-22T22:49:38Z,0,0,0,0,0,0,17.1,852.6,17.2,17.5,86.1,260,253,0,0.8,138,1.7,1.7,17.5,15.8,13.2
2026-08-22T23:05:04Z,0,0,0,0,0,0,17,852.4,17.2,17.4,86.5,260,254,0,0.1,171,0.2,0.2,17.4,15.8,13.2
2026-08-22T23:20:13Z,0,0,0,0,0,0,17,852.3,17.2,17.4,86.5,260,252,0,0.5,179,1.3,1.3,17.4,15.8,13.2
2026-08-22T23:35:22Z,0,0,0,0,0,0,17,852.3,17.2,17.4,86.2,259,253,0,1.9,172,2.8,2.8,17.4,15.7,13.1
2026-08-22T23:50:31Z,0,0,0,0,0,0,16.9,852.2,17.1,17.4,85.6,259,254,0,1.2,174,2.2,2.2,17.4,15.7,13.1
2026-08-23T00:00:37Z,0,0,0,0,0,0,16.9,852.3,17.1,17.3,85.4,261,253,0,1,181,2.2,2.2,17.3,15.6,13.1
2026-08-23T00:16:04Z,0,0,0,0,0,0,16.8,852.3,17,17.3,85.2,259,254,0,0.2,97,0.9,0.9,17.3,15.5,13
2026-08-23T00:31:14Z,0,0,0,0,0,0,16.8,852.4,17,17.3,85.2,261,254,0,0.4,99,1.1,1.1,17.3,15.5,13
2026-08-23T00:46:23Z,0,0,0,0,0,0,16.8,852.5,16.9,17.2,85.7,260,254,0,0.2,92,0.7,0.7,17.2,15.5,13
2026-08-23T01:01:32Z,0,0,0,0,0,0,16.7,852.4,16.8,17.1,86,260,253,0,0,92,0,0,17.1,15.5,12.9
2026-08-23T01:16:41Z,0,0,0,0,0,0,16.7,852.4,16.9,17.1,85.8,261,254,0,1.3,172,2.4,2.4,17.1,15.4,12.9
2026-08-23T01:32:07Z,0,0,0,0,0,0,16.6,852.4,16.7,17,86,260,253,0,0.5,172,1.1,1.1,17,15.4,12.8
2026-08-23T01:47:16Z,0,0,0,0,0,0,16.3,852.5,16.4,16.7,86.4,259,254,0,0.3,208,1.1,1.1,16.7,15.1,12.5
2026-08-23T02:02:26Z,0,0,0,0,0,0,16.1,852.5,16.3,16.6,86.5,259,254,0,0.3,107,1.3,1.3,16.6,15,12.4
2026-08-23T02:17:35Z,0,0,0,0,0,0,16.1,852.6,16.3,16.5,86.7,262,254,0,0.5,130,1.1,1.1,16.5,15,12.3
2026-08-23T02:32:44Z,0,0,0,0,0,0,16.2,852.8,16.4,16.6,86.3,258,254,0,0.6,190,1.7,1.7,16.6,15,12.4
2026-08-23T02:48:10Z,0,0,0,0,0,0,16.3,852.9,16.4,16.7,85.9,260,253,0,0.1,177,0.7,0.7,16.7,15,12.4
2026-08-23T03:03:20Z,0,0,0,0,0,0,16.3,853.2,16.4,16.7,85.8,260,254,0,0,177,0,0,16.7,15,12.5
2026-08-23T03:18:29Z,0,0,0,0,0,0,16.3,853.2,16.5,16.7,85.8,260,256,0,0.2,177,0.9,0.9,16.7,15,12.4
2026-08-23T03:33:38Z,0,0,0,0,0,0,16.2,853.4,16.3,16.6,85.9,262,275,0,0.3,177,1.3,1.3,16.5,14.9,12.3
2026-08-23T03:48:47Z,0,0,0,0.1,0,0,16.2,853.5,16.4,16.6,86,272,413,0,0.7,177,1.3,1.3,16.6,15,12.4
2026-08-23T04:04:13Z,0,0,0,0.1,0,0,16.3,853.8,16.4,16.7,85.6,271,369,0,0.1,177,0.4,0.4,16.7,15,12.5
2026-08-23T04:19:23Z,0,0,0,0.1,0,0,16.4,854.1,16.5,16.8,85.4,279,459,0,0.1,177,0.7,0.7,16.8,15.1,12.6
2026-08-23T04:34:32Z,0,0,0,0.2,0,0,16.6,854.2,16.7,17,85.1,288,566,0,0,95,0,0,17,15.2,12.8
2026-08-23T04:49:41Z,0,0,0,0.3,0,0,17,854.3,17.2,17.4,83.9,313,817,0,0,95,0,0,17.3,15.4,13.1
2026-08-23T05:04:50Z,0,0,0,0.5,0,0,17.5,854.7,17.6,17.9,81.9,343,1167,0,0,95,0,0,17.8,15.7,13.6
2026-08-23T05:20:16Z,0,0,0,0.4,0,0,17.8,854.8,17.9,18,81,337,1097,0,0.2,95,0.5,0.5,18,15.7,13.7
2026-08-23T05:35:25Z,0,0,0,0.7,0,0,18.2,855,18.2,18.5,79.9,384,1622,0,0,95,0,0,18.5,16,14.1
2026-08-23T05:50:34Z,0,0,0,0.7,0,0,18.9,855.1,19.1,19.3,76.7,386,1625,0,0,95,0,0,19.3,16.5,14.9
2026-08-23T06:05:43Z,0,0,0,0.9,0,0,19.2,855.2,19.5,19.7,74.9,415,1925,0,0.2,95,0.7,0.7,19.7,16.6,15.3
2026-08-23T06:20:51Z,0,0,0,1.2,0,0,20,855.1,20.2,20.2,73.6,491,2778,0,0.2,95,0.7,0.7,20.2,16.9,15.7
2026-08-23T06:36:20Z,0,0,0,1.4,0,0,19.6,855,19.9,19.6,74.6,525,3120,0,0.2,95,0.7,0.7,19.6,16.5,15.2
2026-08-23T06:51:38Z,0,0,0,1.7,0,0,20.8,855.1,21.2,20.9,71.4,582,3741,0,0.1,95,0.2,0.2,20.9,17.3,16.4
2026-08-23T07:06:47Z,0,0,0,1.5,0,0,21.8,855,22.1,21.7,68.3,544,3372,0,0.5,95,1.3,1.3,21.7,17.6,17.1
2026-08-23T07:21:55Z,0,0,0,1.3,0,0,22,855,21.9,22.4,64.4,505,2824,0,1,95,1.7,1.7,22.3,17.7,17.6
2026-08-23T07:37:23Z,0,0,0,1.3,0,0,23.6,854.7,23.8,23.2,62.9,505,2804,0,0.1,95,0.4,0.4,23.2,18.3,18.3
2026-08-23T07:52:31Z,0,0,0,1.1,0,0,22.8,854.7,22.5,22.4,63.7,469,2465,0,0.6,95,1.3,1.3,22.4,17.7,17.7
2026-08-23T08:07:40Z,0,0,0,1.2,0,0,22.7,854.6,22.9,22.5,62.6,484,2528,0,0.1,95,0.7,0.7,22.4,17.6,17.7
2026-08-23T08:22:49Z,0,0,0,1,0,0,22.8,854.4,22.7,22.9,62.7,442,2191,0,0.6,95,1.7,1.7,22.8,18,18
2026-08-23T08:37:58Z,0,0,0,1.4,0,0,23.6,854.2,23.8,23.8,58.6,525,3061,0,0.7,95,1.5,1.5,23.8,18.3,18.8
2026-08-23T08:53:26Z,0,0,0,1.5,0,0,23.4,853.9,23.3,23.5,58.2,537,3135,0,0.6,95,1.1,1.1,23.5,17.9,18.6
2026-08-23T09:08:34Z,0,0,0,1.3,0,0,25.1,853.5,25,25.3,53.1,505,2628,0,1,95,1.5,1.5,25.3,18.8,20
2026-08-23T09:23:43Z,0,0,0,4,0,0,25.4,853.5,25.3,25.9,51.4,1002,8506,0,0.7,74,1.7,1.7,25.9,19,20.5
2026-08-23T09:38:52Z,0,0,0,1.2,0,0,23.6,853.1,24.2,24.4,53.8,476,2432,0,0.4,83,1.3,1.3,24.3,18,19.2
2026-08-23T09:54:01Z,0,0,0,4,0,0,25.2,852.8,25.6,25.3,52.9,995,8272,0,0,83,0,0,25.2,18.7,20
2026-08-23T10:09:29Z,0,0,0,3.7,0,0,27.2,852.5,27.2,27.6,44.5,953,7715,0,0.7,79,1.1,1.1,27.6,19.3,21.7
2026-08-23T10:24:38Z,0,0,0,3.1,0,0,26.5,852.2,26.9,27.2,44.8,829,6333,0,0.1,84,1.1,1.1,27.3,19,21.5
2026-08-23T10:40:38Z,0,0,0,3.9,0,0,26.4,851.7,26.4,27.1,45,989,8259,0,0.2,82,1.4,1.4,27.2,18.9,21.4
2026-08-23T10:55:46Z,0,0,0,3.5,0,0,27.6,851.5,27.4,28.5,42.1,920,7788,0,1.7,64,2.4,2.4,28.2,19.6,22.2
2026-08-23T11:10:55Z,0,0,0,2.4,0,0,26.7,851.3,27.2,27.3,44.4,703,5051,0,0,81,0,0,27.3,19,21.5
2026-08-23T11:26:01Z,0,0,0,0.9,0,0,26,851.2,26.3,26.8,44.4,429,2091,0,0.3,86,1.2,1.2,26.9,18.6,21.2
2026-08-23T11:41:25Z,0,0,0,0.9,0,0,25.8,851,26.1,26.4,44,421,1961,0,0.5,86,1.1,1.1,26.3,18.2,20.7
2026-08-23T11:56:34Z,0,0,0,2.7,0,0,26.1,850.7,26.4,26.5,44.3,762,5844,0,1.4,86,2.6,2.6,26.5,18.4,20.9
2026-08-23T12:11:43Z,0,0,0,2.8,0,0,27,850.5,26.9,27.1,42.7,770,5903,0,1.6,70,3.3,3.3,27.1,18.6,21.4
2026-08-23T12:26:52Z,0,0,0,2.8,0,0,27.6,850.4,28.1,28.3,40.6,772,6006,0,1.5,114,2.6,2.6,28,19.2,22
2026-08-23T12:42:01Z,0,0,0,0.5,0,0,26.5,850.3,26.9,27.3,41.8,343,1078,0,0.6,96,1.3,1.3,27.2,18.6,21.4
2026-08-23T12:57:28Z,0,0,0,0.4,0,0,26.3,850.2,26.5,26.8,43.6,337,946,0,0,96,0.2,0.2,26.9,18.5,21.2
2026-08-23T13:12:36Z,0,0,0,1.9,0,0,27.2,850,27.9,28.1,39.9,608,4124,0,0.2,190,1.1,1.1,27.8,18.9,21.8
2026-08-23T13:27:44Z,0,0,0,1.7,0,0,27.7,850,28.1,28.6,39.8,572,3837,0,0.4,76,1.5,1.5,28.2,19.3,22.2
2026-08-23T13:42:52Z,0,0,0,0.3,0,0,26,850.1,26.4,26.5,44.2,316,746,0,0,179,0,0,26.5,18.3,20.9
2026-08-23T13:58:00Z,0,0,0,0.6,0,0,25.7,850.2,25.9,26.1,45.3,363,1352,0,0.2,81,0.9,0.9,26,18.2,20.5
2026-08-23T14:13:09Z,0,0,0,0.3,0,0,25.7,850.2,25.9,26.1,45.5,318,813,0,0.1,132,0.4,0.4,26,18.2,20.5
2026-08-23T14:28:31Z,0,0,0,0.4,0,0,25.6,850.3,25.8,26,45.2,330,988,0,1,125,3.7,3.7,25.9,18.1,20.5
2026-08-23T14:43:39Z,0,0,0,0.2,0,0,25.3,850.4,25.5,25.7,45.7,295,568,0,0.6,112,1.5,1.5,25.6,17.9,20.2
2026-08-23T14:58:47Z,0,0,0,0.1,0,0,24.9,850.5,25.1,25.2,47.5,276,379,0,0,163,0.4,0.4,25.1,17.8,19.9
2026-08-23T15:13:54Z,0,0,0,0.1,0,0,24.6,850.7,24.7,24.9,47.8,270,326,0,0.4,122,1.1,1.1,24.8,17.6,19.6
2026-08-23T15:29:02Z,0,0,0,0,0,0,24.1,850.8,24.2,24.5,49.3,265,280,0,0.6,123,2.4,2.4,24.4,17.4,19.3
2026-08-23T15:44:10Z,0,0,0,0,0,0,23.8,850.9,23.9,24.1,50.7,259,257,0,0.6,117,2,2,24,17.3,18.9
2026-08-23T15:59:35Z,0,0,0,0,0,0,23.3,850.9,23.4,23.6,52.1,261,253,0,0.1,131,0.9,0.9,23.5,17.1,18.6
2026-08-23T16:14:44Z,0,0,0,0,0,0,22.9,851.2,23.1,23.3,53.9,260,252,0,0.3,166,1.7,1.7,23.2,17.1,18.3
2026-08-23T16:29:53Z,0,0,0,0,0,0,22.7,851.4,22.9,23,55.1,262,253,0,1,129,1.7,1.7,22.9,17,18.1
2026-08-23T16:45:02Z,0,0,0,0,0,0,22.4,851.7,22.6,22.8,56.5,260,252,0,0.6,125,1.1,1.1,22.7,17,17.9
2026-08-23T17:00:12Z,0,0,0,0,0,0,22.2,851.9,22.3,22.5,58,262,253,0,0.6,167,1.5,1.5,22.4,17,17.6
2026-08-23T17:15:38Z,0,0,0,0,0,0,21.8,852.1,22,22.1,59.4,260,252,0,1,169,1.7,1.7,22,16.8,17.3
2026-08-23T17:30:47Z,0,0,0,0,0,0,21.4,852.3,21.6,21.8,60.7,261,255,0,0.1,166,0.7,0.7,21.7,16.7,17.1
2026-08-23T17:45:57Z,0,0,0,0,0,0,21.3,852.6,21.4,21.6,61.9,261,252,0,0.4,166,1.1,1.1,21.5,16.7,16.9
2026-08-23T18:01:06Z,0,0,0,0,0,0,21,852.9,21.1,21.3,64.6,261,253,0,1.3,175,3.1,3.1,21.2,16.8,16.7
2026-08-23T18:16:15Z,0,0,0,0,0,0,20.7,852.9,20.9,21.1,66.7,259,253,0,0.6,164,1.3,1.3,21,16.9,16.5
2026-08-23T18:31:47Z,0,0,0,0,0,0,20.5,853.1,20.6,20.9,68.2,260,254,0,0.5,158,1.1,1.1,20.8,16.9,16.3
2026-08-23T18:46:56Z,0,0,0,0,0,0,20.3,853.4,20.4,20.7,68.9,259,253,0,1,154,2.4,2.4,20.7,16.8,16.1
2026-08-23T19:02:05Z,0,0,0,0,0,0,20.1,853.8,20.2,20.5,69.5,262,252,0,0.1,156,0.4,0.4,20.4,16.6,15.9
2026-08-23T19:17:14Z,0,0,0,0,0,0,20.1,854,20.2,20.5,69.2,260,253,0,0.1,111,0.4,0.4,20.4,16.6,15.9
2026-08-23T19:32:24Z,0,0,0,0,0,0,20,854,20.1,20.3,69.1,260,252,0,0.1,119,0.4,0.4,20.3,16.5,15.8
2026-08-23T19:47:46Z,0,0,0,0,0,0,19.7,854.1,19.9,20.1,69.8,258,253,0,0.2,167,0.7,0.7,20.1,16.4,15.6
2026-08-23T20:02:55Z,0,0,0,0,0,0,19.4,854,19.6,19.8,71,259,255,0,0.9,105,2,2,19.8,16.2,15.3
2026-08-23T20:18:04Z,0,0,0,0,0,0,19.1,853.8,19.2,19.5,72.5,260,253,0,0.3,117,0.9,0.9,19.4,16.1,15
2026-08-23T20:33:13Z,0,0,0,0,0,0,18.7,853.8,18.9,19.2,73.9,260,254,0,0.5,126,1.3,1.3,19.1,16,14.8
2026-08-23T20:49:47Z,0,0,0,0,0,0,18.4,853.6,18.6,18.8,75.6,260,253,0,0,126,0.4,0.4,18.8,15.9,14.5
2026-08-23T21:04:56Z,0,0,0,0,0,0,18.1,853.3,18.3,18.6,76.9,260,254,0,0.1,121,0.2,0.2,18.5,15.8,14.2
2026-08-23T21:20:05Z,0,0,0,0,0,0,17.9,853.1,18,18.3,78.7,259,254,0,0,133,0,0,18.2,15.7,13.9
2026-08-23T21:35:15Z,0,0,0,0,0,0,17.5,853.1,17.7,17.9,79.9,261,252,0,0,133,0.2,0.2,17.9,15.5,13.6
2026-08-23T21:50:43Z,0,0,0,0,0,0,17.4,852.9,17.6,17.7,81.3,260,253,0,0,133,0,0,17.7,15.5,13.4
2026-08-23T22:05:53Z,0,0,0,0,0,0,17.4,852.8,17.6,17.7,81.4,260,253,0,0,133,0,0,17.7,15.5,13.4
2026-08-23T22:21:02Z,0,0,0,0,0,0,17.3,852.9,17.4,17.6,81.9,260,252,0,0.4,132,0.9,0.9,17.6,15.5,13.4
2026-08-23T22:36:12Z,0,0,0,0,0,0,17.3,852.8,17.5,17.6,81.8,261,254,0,0.2,121,1.2,1.2,17.6,15.5,13.4
2026-08-23T22:51:22Z,0,0,0,0,0,0,17.4,852.7,17.5,17.7,81.4,259,252,0,0.2,74,0.7,0.7,17.7,15.5,13.5
2026-08-23T23:06:45Z,0,0,0,0,0,0,17.2,852.5,17.4,17.6,81.5,260,253,0,0,127,0,0,17.6,15.4,13.3
2026-08-23T23:21:55Z,0,0,0,0,0,0,17,852.4,17.1,17.4,82.2,261,253,0,0,127,0,0,17.4,15.3,13.1
2026-08-23T23:37:05Z,0,0,0,0,0,0,16.6,852.4,16.8,17,83.4,259,254,0,0,127,0,0,17,15,12.7
2026-08-23T23:52:16Z,0,0,0,0,0,0,16.3,852.1,16.4,16.6,84.6,262,253,0,0,127,0,0,16.6,14.8,12.4
2026-08-24T00:00:21Z,0,0,0,0,0,0,16.2,852.2,16.3,16.5,85.6,261,254,0,0,127,0,0,16.5,14.8,12.3
2026-08-24T00:15:31Z,0,0,0,0,0,0,15.9,852.3,16.2,16.3,87,258,253,0,0,127,0,0,16.3,14.8,12.1
2026-08-24T00:30:53Z,0,0,0,0,0,0,16,852.3,16.2,16.3,87.5,260,253,0,0,127,0,0,16.3,14.8,12.1
2026-08-24T00:46:02Z,0,0,0,0,0,0,15.8,852.5,16.1,16.2,87.9,260,254,0,0,127,0,0,16.2,14.8,12
2026-08-24T01:01:11Z,0,0,0,0,0,0,16,852.6,16.2,16.5,87.8,261,252,0,0,127,0,0,16.5,15.1,12.3
2026-08-24T01:16:19Z,0,0,0,0,0,0,16.3,852.6,16.4,16.7,87.6,260,255,0,0,127,0,0,16.7,15.3,12.5
2026-08-24T01:31:27Z,0,0,0,0,0,0,16.4,852.6,16.5,16.8,87.7,262,253,0,0,127,0,0,16.8,15.3,12.6
2026-08-24T01:46:57Z,0,0,0,0,0,0,16.4,852.7,16.6,16.8,88.1,260,254,0,0,127,0,0,16.8,15.4,12.6
2026-08-24T02:02:06Z,0,0,0,0,0,0,16.5,852.8,16.7,16.9,88.6,261,255,0,0,127,0,0,16.9,15.5,12.7
2026-08-24T02:17:22Z,0,0,0,0,0,0,16.5,852.7,16.6,16.9,88.4,260,253,0,0,127,0,0,17,15.6,12.7
2026-08-24T02:32:31Z,0,0,0,0,0,0,16.6,852.8,16.7,16.9,88.5,260,253,0,0,127,0,0,17,15.6,12.7
2026-08-24T02:47:59Z,0,0,0,0,0,0,16.5,853,16.7,16.9,88.4,259,253,0,0,127,0,0,17,15.6,12.7
2026-08-24T03:03:09Z,0,0,0,0,0,0,16.6,853.1,16.6,16.9,88.4,261,253,0,0,127,0,0,16.9,15.5,12.7
2026-08-24T03:18:18Z,0,0,0,0,0,0,16.6,853.2,16.7,17,88.5,260,254,0,0,127,0,0,17,15.6,12.8
2026-08-24T03:33:27Z,0,0,0,0,0,0,16.6,853.4,16.7,17,88.6,261,274,0,0,127,0.2,0.2,17,15.6,12.8
2026-08-24T03:48:53Z,0,0,0,0.1,0,0,16.6,853.4,16.8,17,89,272,371,0,0.1,127,0.4,0.4,17,15.7,12.8
2026-08-24T04:04:02Z,0,0,0,0.2,0,0,16.7,853.5,16.9,17.1,88.9,287,565,0,0,127,0,0,17.1,15.8,12.9
2026-08-24T04:19:11Z,0,0,0,0.2,0,0,17,853.6,17.1,17.3,87.6,302,704,0,0.2,127,0.4,0.4,17.4,15.8,13.1
2026-08-24T04:34:20Z,0,0,0,0.4,0,0,17.4,853.8,17.6,17.7,85.5,324,961,0,0,127,0,0,17.8,16,13.5
2026-08-24T04:49:30Z,0,0,0,0.4,0,0,17.7,853.9,17.9,18.1,84.1,331,1046,0,0.3,127,0.7,0.7,18.1,16.2,13.8
2026-08-24T05:04:55Z,0,0,0,0.4,0,0,18,854,18.2,18.5,83.3,339,1117,0,0.1,127,0.4,0.4,18.5,16.4,14.2
2026-08-24T05:20:03Z,0,0,0,0.5,0,0,18.2,854.2,18.6,18.7,82.1,349,1223,0,0.4,127,1.1,1.1,18.8,16.6,14.4
2026-08-24T05:35:03Z,0,0,0,0.5,0,0,18.5,854.3,18.7,18.9,81.8,355,1295,0,0.1,127,0.4,0.4,19,16.7,14.6
2026-08-24T05:50:12Z,0,0,0,0.8,0,0,18.6,854.5,18.8,19.1,81.1,400,1785,0,0.4,127,1.1,1.1,19.1,16.8,14.8
2026-08-24T06:05:20Z,0,0,0,0.9,0,0,18.8,854.7,19,19.3,79.7,419,1994,0,0.5,123,0.9,0.9,19.3,16.8,15
2026-08-24T06:20:29Z,0,0,0,1,0,0,19,854.6,19.4,19.5,78.4,443,2250,0,0.7,169,1.1,1.1,19.6,16.9,15.2
2026-08-24T06:35:38Z,0,0,0,1.4,0,0,20,854.8,20.2,20.4,76.3,511,3018,0,0,169,0,0,20.5,17.5,16
2026-08-24T06:51:00Z,0,0,0,1.4,0,0,21.1,854.8,21.6,21.5,71.3,523,3093,0,0.4,123,0.9,0.9,21.5,17.8,16.9
2026-08-24T07:06:09Z,0,0,0,0.9,0,0,20.8,854.7,21.4,21.2,70.3,427,2052,0,0.6,122,1.3,1.3,21.2,17.5,16.6
2026-08-24T07:21:18Z,0,0,0,0.9,0,0,20.9,854.8,21.4,21.5,70.4,422,1944,0,0,184,0,0,21.5,17.7,16.9
2026-08-24T07:36:28Z,0,0,0,3.5,0,0,22.8,854.8,22.9,22.8,63.6,915,7507,0,0.9,160,1.3,1.3,22.8,18,18
2026-08-24T07:51:37Z,0,0,0,4,0,0,23.7,854.7,24.6,24.1,60.2,1000,8565,0,0.2,153,0.7,0.7,24.1,18.7,19.1
2026-08-24T08:07:03Z,0,0,0,4,0,0,25.6,854.5,26.1,26.2,50.8,996,8326,0,0.6,80,1.7,1.7,26.2,19.1,20.7
2026-08-24T08:22:11Z,0,0,0,2.7,0,0,23.7,854.2,23.6,23.2,59,758,5644,0,0.2,326,0.7,0.7,23.2,17.7,18.3
2026-08-24T08:37:20Z,0,0,0,3.9,0,0,25.1,853.9,25.4,24.9,54.5,993,8241,0,0.9,154,1.7,1.7,24.9,18.6,19.7
2026-08-24T08:52:28Z,0,0,0,4.3,0,0,25.5,853.7,25.9,25.7,48.3,1058,9005,0,0.3,172,1.1,1.1,25.6,18.3,20.2
2026-08-24T09:07:38Z,0,0,0,1.3,0,0,25.3,853.6,25.9,26,47.7,493,2724,0,0.9,154,1.7,1.7,26,18.5,20.5
2026-08-24T09:23:12Z,0,0,0,1,0,0,24.5,853.4,24.6,24.3,52.7,446,2214,0,1.5,261,2.2,2.2,24.2,17.8,19.1
2026-08-24T09:39:12Z,0,0,0,1.2,0,0,24.7,853.1,25.1,24.9,52.1,480,2466,0,0.1,231,0.9,0.9,24.8,18.2,19.6
2026-08-24T09:54:21Z,0,0,0,4,0,0,25.7,852.7,25.9,25.7,48.4,1008,8451,0,0.1,112,0.7,0.7,25.6,18.3,20.3
2026-08-24T10:10:17Z,0,0,0,4,0,0,25.7,852.3,26.1,26.3,45.3,1003,8390,0,1.2,107,2.2,2.2,26.3,18.4,20.7
2026-08-24T10:25:20Z,0,0,0,3.3,0,0,26.5,852.1,27.2,26.7,43.7,867,6784,0,0.5,152,1.1,1.1,26.6,18.4,21
2026-08-24T10:40:43Z,0,0,0,1.1,0,0,27.3,851.8,27.8,27.9,42,468,2282,0,0.2,90,0.7,0.7,27.7,19.1,21.8
2026-08-24T10:55:52Z,0,0,0,0.6,0,0,26.5,851.5,26.8,27.3,41.2,363,1186,0,1.3,154,2.8,2.8,27.1,18.4,21.4
2026-08-24T11:11:01Z,0,0,0,3.2,0,0,27.2,851.3,27.1,27.8,38.5,862,6776,0,1,68,2,2,27.4,18.4,21.6
2026-08-24T11:26:11Z,0,0,0,3.1,0,0,28.6,851,28.9,29.3,36.6,837,6508,0,0.5,51,1.3,1.3,28.6,19.2,22.5
2026-08-24T11:41:20Z,0,0,0,3,0,0,28,850.7,28.4,28.9,35.9,812,6261,0,1.1,92,2,2,28.1,18.7,22.1
2026-08-24T11:56:46Z,0,0,0,2.8,0,0,27.7,850.4,28.2,28.1,36.2,770,5832,0,0,263,0.2,0.2,27.5,18.2,21.7
2026-08-24T12:11:56Z,0,0,0,2.5,0,0,28.4,850.2,28.6,29.4,33.5,732,5395,0,0.4,182,1,1,28.4,18.6,22.3
2026-08-24T12:27:05Z,0,0,0,2.3,0,0,28.3,849.9,28.6,28.9,34.5,690,4954,0,0.3,152,0.9,0.9,28.1,18.5,22.1
2026-08-24T12:42:14Z,0,0,0,2.1,0,0,29.7,849.7,29.9,30.9,31.7,655,4607,0,0.2,204,2.8,2.8,29.8,19.4,23.2
2026-08-24T12:57:23Z,0,0,0,0.5,0,0,27.2,849.6,27.5,27.7,35,343,980,0,0.8,70,1.5,1.5,27.1,17.7,21.4
2026-08-24T13:12:49Z,0,0,0,1.7,0,0,28.2,849.6,28.8,29,32.6,573,3713,0,0.2,167,0.9,0.9,28,18.1,22
2026-08-24T13:27:54Z,0,0,0,1.5,0,0,28.1,849.6,28.6,29,33.1,536,3341,0,0.2,113,1.1,1.1,28.1,18.3,22.1
2026-08-24T13:43:03Z,0,0,0,1.2,0,0,28.1,849.7,28.4,29.2,35.2,476,2723,0,1.1,69,2.6,2.6,28.4,18.9,22.3
2026-08-24T13:58:12Z,0,0,0,0.9,0,0,27.9,849.7,28.3,29,34.4,428,2157,0,0.2,141,1.1,1.1,28.2,18.5,22.1
2026-08-24T14:13:21Z,0,0,0,0.4,0,0,27.2,849.9,27.6,28.2,37.1,334,995,0,0.2,138,0.9,0.9,27.6,18.4,21.7
2026-08-24T14:28:31Z,0,0,0,0.2,0,0,26.5,849.9,26.6,27,39.8,304,647,0,1.4,90,2,2,26.9,18,21.2
2026-08-24T14:43:52Z,0,0,0,0.2,0,0,25.7,850,25.8,26,41.6,289,468,0,1.1,92,2.6,2.6,25.9,17.5,20.5
2026-08-24T14:59:02Z,0,0,0,0.1,0,0,25.1,850.2,25.2,25.5,43.3,280,407,0,0.4,111,1.3,1.3,25.4,17.3,20
2026-08-24T15:14:12Z,0,0,0,0.1,0,0,24.6,850.3,24.8,24.9,44,274,349,0,0.4,77,0.9,0.9,24.7,17,19.6
2026-08-24T15:30:02Z,0,0,0,0.1,0,0,24.1,850.4,24.3,24.4,45.4,266,291,0,0.3,147,1.1,1.1,24.2,16.8,19.2
2026-08-24T15:45:12Z,0,0,0,0,0,0,23.7,850.4,23.9,24,46.1,262,258,0,0.4,172,1.5,1.5,23.8,16.6,18.8
2026-08-24T16:00:21Z,0,0,0,0,0,0,23.3,850.6,23.4,23.6,47.6,260,254,0,0.4,140,0.7,0.7,23.4,16.4,18.5
2026-08-24T16:16:02Z,0,0,0,0,0,0,22.9,850.8,23,23.2,49.6,260,254,0,0.3,116,1.5,1.5,23.1,16.4,18.2
2026-08-24T16:31:11Z,0,0,0,0,0,0,22.6,851.1,22.8,22.9,50.8,260,253,0,0,160,0,0,22.8,16.3,17.9
2026-08-24T16:46:20Z,0,0,0,0,0,0,22.3,851.3,22.4,22.6,51.9,260,254,0,0,178,0.2,0.2,22.5,16.2,17.7
2026-08-24T17:01:29Z,0,0,0,0,0,0,22,851.6,22.1,22.3,52.5,261,255,0,0.2,116,0.5,0.5,22.1,16,17.4
2026-08-24T17:16:51Z,0,0,0,0,0,0,21.7,851.8,21.9,22.1,54.1,260,253,0,0.9,147,2.4,2.4,21.9,16.1,17.2
2026-08-24T17:32:00Z,0,0,0,0,0,0,21.4,851.9,21.6,21.8,55.5,260,253,0,0.3,135,1.3,1.3,21.6,16,17
2026-08-24T17:47:09Z,0,0,0,0,0,0,20.8,852.2,21,21.2,57.3,260,253,0,0.9,169,3.1,3.1,21.1,15.8,16.5
2026-08-24T18:02:17Z,0,0,0,0,0,0,20.5,852.5,20.6,20.8,58.9,261,254,0,0.7,166,1.5,1.5,20.7,15.6,16.2
2026-08-24T18:17:25Z,0,0,0,0,0,0,20.2,852.8,20.4,20.6,59.7,260,253,0,0.1,147,0.7,0.7,20.5,15.5,16
2026-08-24T18:32:54Z,0,0,0,0,0,0,19.8,853.1,19.9,20.2,61,261,253,0,0.3,110,2,2,20.1,15.3,15.6
2026-08-24T18:48:02Z,0,0,0,0,0,0,19.6,853.3,19.8,20,61.7,260,253,0,0.1,191,0.7,0.7,19.9,15.3,15.4
2026-08-24T19:03:11Z,0,0,0,0,0,0,19.4,853.5,19.6,19.9,62.4,259,253,0,0.2,169,0.9,0.9,19.7,15.2,15.3
2026-08-24T19:18:19Z,0,0,0,0,0,0,18.9,853.5,19.1,19.4,63.8,260,253,0,0.3,122,1.3,1.3,19.2,14.9,14.8
2026-08-24T19:34:03Z,0,0,0,0,0,0,18.6,853.6,18.8,19,64.9,261,253,0,0.4,170,1.5,1.5,18.8,14.7,14.5
2026-08-24T19:49:12Z,0,0,0,0,0,0,18.4,853.6,18.5,18.8,65.9,259,254,0,0,153,0,0,18.6,14.6,14.3
2026-08-24T20:04:20Z,0,0,0,0,0,0,18,853.7,18.2,18.4,67.2,261,253,0,0,126,0,0,18.3,14.5,14
2026-08-24T20:19:29Z,0,0,0,0,0,0,17.7,853.8,17.9,18.1,68.5,261,253,0,0,74,0.2,0.2,17.9,14.3,13.7
2026-08-24T20:34:37Z,0,0,0,0,0,0,17.5,853.9,17.7,17.9,69.7,260,254,0,0.6,118,2.4,2.4,17.8,14.3,13.5
2026-08-24T20:50:00Z,0,0,0,0,0,0,17.4,853.7,17.6,17.8,70.2,260,252,0,0.5,164,0.9,0.9,17.6,14.2,13.4
2026-08-24T21:05:08Z,0,0,0,0,0,0,17.1,853.6,17.3,17.5,71.1,261,253,0,0.7,110,1.5,1.5,17.4,14.1,13.1
2026-08-24T21:20:18Z,0,0,0,0,0,0,16.8,853.6,17,17.3,72.2,260,255,0,0.1,126,0.9,0.9,17.1,14,12.9
2026-08-24T21:35:26Z,0,0,0,0,0,0,16.7,853.4,16.8,17,73.1,260,254,0,0.3,128,0.7,0.7,16.9,13.9,12.7
2026-08-24T21:50:35Z,0,0,0,0,0,0,16.4,853.2,16.6,16.8,74,260,254,0,0,128,0,0,16.6,13.8,12.4
2026-08-24T22:06:02Z,0,0,0,0,0,0,16.1,853.1,16.3,16.5,75.1,260,255,0,0,128,0,0,16.4,13.6,12.1
2026-08-24T22:21:12Z,0,0,0,0,0,0,16.1,853,16.3,16.5,75.1,261,253,0,0.1,128,0.7,0.7,16.4,13.6,12.2
2026-08-24T22:36:20Z,0,0,0,0,0,0,16,852.8,16.2,16.4,75.3,259,254,0,0,88,0,0,16.3,13.6,12
2026-08-24T22:51:30Z,0,0,0,0,0,0,15.8,852.6,16.1,16.2,76.2,261,252,0,0,79,0.2,0.2,16.1,13.5,11.9
2026-08-24T23:06:39Z,0,0,0,0,0,0,15.7,852.5,16.1,16.1,76.6,260,253,0,0.2,139,0.7,0.7,15.9,13.4,11.7
2026-08-24T23:22:06Z,0,0,0,0,0,0,15.4,852.3,15.7,15.8,77.6,259,253,0,0,139,0,0,15.6,13.2,11.4
2026-08-24T23:37:14Z,0,0,0,0,0,0,14.9,852.2,15.2,15.3,79.7,261,253,0,0,139,0,0,15.1,12.9,10.9
2026-08-24T23:52:23Z,0,0,0,0,0,0,14.6,852.1,14.9,15.1,80.8,260,253,0,0,139,0,0,14.9,12.9,10.7
2026-08-25T00:00:27Z,0,0,0,0,0,0,14.5,852.1,14.8,14.9,81.1,260,253,0,0,139,0,0,14.7,12.8,10.5
2026-08-25T00:15:35Z,0,0,0,0,0,0,14.2,851.9,14.5,14.7,82.4,259,253,0,0,139,0,0,14.5,12.7,10.3
2026-08-25T00:30:44Z,0,0,0,0,0,0,13.9,851.8,14.2,14.4,82.5,260,253,0,0,139,0,0,14.2,12.4,10
2026-08-25T00:46:06Z,0,0,0,0,0,0,13.7,852.1,14,14.2,83.5,260,253,0,0,139,0,0,14,12.3,9.8
2026-08-25T01:01:15Z,0,0,0,0,0,0,13.5,852.1,13.9,14,84.5,260,254,0,0,139,0,0,13.8,12.3,9.6
2026-08-25T01:16:24Z,0,0,0,0,0,0,13.3,852,13.7,13.8,85.6,259,252,0,0,139,0,0,13.6,12.2,9.4
2026-08-25T01:31:32Z,0,0,0,0,0,0,13.2,852.2,13.5,13.7,86.2,259,253,0,0,139,0,0,13.5,12.2,9.3
2026-08-25T01:46:41Z,0,0,0,0,0,0,13.2,852.1,13.4,13.6,86.4,260,253,0,0,139,0,0,13.4,12.1,9.2
2026-08-25T02:02:09Z,0,0,0,0,0,0,12.9,852.2,13.2,13.3,86.8,261,255,0,0,139,0,0,13.2,11.9,8.9
2026-08-25T02:17:17Z,0,0,0,0,0,0,12.7,852.3,13,13.1,87.6,259,253,0,0,139,0,0,13,11.8,8.7
2026-08-25T02:32:26Z,0,0,0,0,0,0,12.6,852.4,12.8,13,88.3,261,253,0,0,139,0,0,12.8,11.7,8.6
2026-08-25T02:47:34Z,0,0,0,0,0,0,12.4,852.6,12.7,12.9,88.6,261,253,0,0,139,0,0,12.7,11.6,8.5
2026-08-25T03:02:43Z,0,0,0,0,0,0,12.4,852.6,12.8,12.9,89,260,254,0,0,139,0,0,12.7,11.7,8.5
2026-08-25T03:17:51Z,0,0,0,0,0,0,12.5,852.8,12.9,13,88.8,259,255,0,0,139,0,0,12.9,11.8,8.6
2026-08-25T03:33:13Z,0,0,0,0,0,0,12.7,853,13.1,13.2,88.7,263,274,0,0,139,0,0,13,11.9,8.8
2026-08-25T03:48:22Z,0,0,0,0.1,0,0,12.9,853,13.2,13.3,88.4,273,410,0,0,139,0,0,13.2,12,8.9
2026-08-25T04:03:30Z,0,0,0,0.1,0,0,13.5,853.3,13.8,13.8,88.7,282,505,0,0,139,0,0,13.6,12.5,9.4
2026-08-25T04:18:39Z,0,0,0,0.2,0,0,14.2,853.5,14.5,14.5,87,301,734,0,0,139,0,0,14.4,13,10.2
2026-08-25T04:33:47Z,0,0,0,0.4,0,0,15.5,853.7,15.8,15.6,82.3,334,1104,0,0,139,0.2,0.2,15.5,13.6,11.3
2026-08-25T04:48:55Z,0,0,0,0.6,0,0,16.3,853.8,16.6,16.6,78.1,378,1647,0,0,139,0,0,16.5,14,12.3
2026-08-25T05:04:16Z,0,0,0,0.7,0,0,17.1,854.2,17,17.2,74.6,391,1754,0,0,61,0,0,17.1,14.2,12.8
2026-08-25T05:19:24Z,0,0,0,1.1,0,0,18.5,854.3,18.8,18.2,71.7,460,2607,0,0.2,151,1.1,1.1,18.1,14.9,13.8
2026-08-25T05:34:32Z,0,0,0,1.4,0,0,19.2,854.4,19.4,19,68.3,508,3101,0,0.1,85,0.4,0.4,18.9,15.2,14.6
2026-08-25T05:49:39Z,0,0,0,1.5,0,0,20.9,854.5,20.9,20.5,63.9,538,3430,0,0.1,98,0.4,0.4,20.4,16,15.9
2026-08-25T06:04:47Z,0,0,0,1.8,0,0,20.5,854.5,20.4,20.7,62.4,593,4027,0,0.5,101,1.3,1.3,20.6,16,16.1
2026-08-25T06:19:54Z,0,0,0,0.9,0,0,19.3,854.6,20.4,19.8,65,431,1994,0,0.4,168,1.3,1.3,19.6,15.4,15.2
2026-08-25T06:35:20Z,0,0,0,2.2,0,0,20,854.6,20.1,20.2,64.1,667,4892,0,0.1,54,0.7,0.7,20.1,15.7,15.6
2026-08-25T06:50:28Z,0,0,0,2.2,0,0,20,854.5,20.7,20.4,62.7,672,4931,0,0.4,122,1.1,1.1,20.3,15.7,15.8
2026-08-25T07:06:27Z,0,0,0,2.7,0,0,21.5,854.5,21.9,21.7,59.4,765,5917,0,0,10,0.4,0.4,21.6,16.5,17
2026-08-25T07:21:34Z,0,0,0,3,0,0,21.6,854.4,21.8,22.1,57.2,819,6515,0,0.3,124,1,1,22,16.5,17.3
2026-08-25T07:36:42Z,0,0,0,2.9,0,0,21.8,854.4,22.6,22.2,55.5,800,6258,0,0,155,0.2,0.2,22.1,16.4,17.3
2026-08-25T07:51:50Z,0,0,0,3.1,0,0,21.8,854.3,22.5,22.1,54,843,6725,0,0.1,143,0.7,0.7,22,16.1,17.3
2026-08-25T08:06:58Z,0,0,0,3.6,0,0,23.4,854.2,23.4,22.9,52.5,926,7636,0,0.5,254,1.5,1.5,22.8,16.6,18
2026-08-25T08:22:25Z,0,0,0,3.4,0,0,23,853.8,23.6,23.4,50.1,898,7326,0,1.2,228,2,2,23.3,16.7,18.4
2026-08-25T08:37:31Z,0,0,0,3.7,0,0,23,853.6,23.6,23.6,48.6,949,7882,0,0.1,170,0.4,0.4,23.4,16.6,18.5
2026-08-25T08:52:40Z,0,0,0,3.7,0,0,24.1,853.4,24.6,24.8,44.5,939,7695,0,0.9,94,1.3,1.3,24.6,16.9,19.4
2026-08-25T09:07:54Z,0,0,0,3.7,0,0,24.2,853.1,24.9,24,46.1,941,7705,0,1.4,243,2.4,2.4,23.9,16.6,18.9
2026-08-25T09:24:25Z,0,0,0,3.7,0,0,24.6,853,25.2,25.3,41.4,940,7722,0,1.3,72,2.6,2.6,25.2,16.9,19.9
2026-08-25T09:39:32Z,0,0,0,3.7,0,0,25,852.8,25.5,25.8,40.7,946,7776,0,0.6,80,1.5,1.5,25.6,17.1,20.2
2026-08-25T09:54:41Z,0,0,0,3.6,0,0,25.5,852.5,26,25.6,40.5,935,7650,0,1.4,224,2.2,2.2,25.5,17,20.1
2026-08-25T10:10:27Z,0,0,0,3.6,0,0,26.2,852.2,26.8,26.8,39,925,7553,0,1,216,2,2,26.7,17.7,21
2026-08-25T10:25:36Z,0,0,0,3.5,0,0,27.1,851.9,26.9,27.7,36.2,905,7323,0,1.2,80,2.2,2.2,27.2,17.9,21.4
2026-08-25T10:40:44Z,0,0,0,3.4,0,0,26.6,851.6,26.9,27.3,36.6,888,7142,0,0.5,178,1.1,1.1,26.9,17.6,21.2
2026-08-25T10:55:53Z,0,0,0,3.3,0,0,26.3,851.5,26.5,27.1,34.8,876,7014,0,0.9,106,2.4,2.4,26.7,17.2,21.1
2026-08-25T11:11:02Z,0,0,0,3.2,0,0,27,851.1,27.6,27.5,34.6,845,6685,0,0.1,114,1,1,26.9,17.4,21.2
2026-08-25T11:26:26Z,0,0,0,3,0,0,27.5,851,27.8,28.2,34,819,6384,0,0.1,139,1.1,1.1,27.4,17.8,21.6
2026-08-25T11:41:35Z,0,0,0,2.8,0,0,27.7,850.8,28.3,28.6,32.7,780,5978,0,0.4,146,1.5,1.5,27.7,17.9,21.8
2026-08-25T11:56:43Z,0,0,0,2.6,0,0,27.6,850.4,27.9,28,34.2,750,5646,0,0.9,55,2,2,27.3,17.7,21.5
2026-08-25T12:11:52Z,0,0,0,2.4,0,0,27.7,850.2,27.7,28.6,32.2,706,5193,0,1.2,74,2.4,2.4,27.7,17.8,21.8
2026-08-25T12:27:01Z,0,0,0,2.3,0,0,27.4,850,27.9,28,35.2,679,4871,0,0.8,191,1.5,1.5,27.3,17.9,21.5
2026-08-25T12:42:35Z,0,0,0,2,0,0,27.9,850,28.2,28.9,32.8,636,4400,0,0,103,0,0,28,18.1,22
2026-08-25T12:57:44Z,0,0,0,1.8,0,0,27.3,849.8,27.6,28.3,32.7,594,3954,0,0.2,106,0.7,0.7,27.5,17.7,21.6
2026-08-25T13:12:52Z,0,0,0,1.6,0,0,27.2,849.7,27.9,28,32.6,549,3488,0,0.3,166,1.3,1.3,27.3,17.4,21.5
2026-08-25T13:28:01Z,0,0,0,1.3,0,0,27.3,849.7,27.8,28.1,33,506,3006,0,0.1,99,0.7,0.7,27.4,17.6,21.6
2026-08-25T13:43:10Z,0,0,0,1.1,0,0,26.7,849.6,27.2,27.5,32,467,2568,0,1.9,172,3.3,3.3,26.8,16.9,21.1
2026-08-25T13:58:31Z,0,0,0,0.9,0,0,26.7,849.6,27.2,27.7,31.4,422,2104,0,0.7,201,1.7,1.7,26.9,16.9,21.2
2026-08-25T14:13:39Z,0,0,0,0.5,0,0,26.3,849.7,26.6,27.1,34.9,342,1115,0,0.9,135,3.1,3.1,26.7,17.2,21.1
2026-08-25T14:28:48Z,0,0,0,0.4,0,0,25.7,849.9,26,26.1,36.8,333,1040,0,0.9,104,2.4,2.4,26,16.7,20.5
2026-08-25T14:43:56Z,0,0,0,0.2,0,0,25.3,849.9,25.4,25.6,37.5,290,481,0,1.9,177,3.5,3.5,25.4,16.4,20
2026-08-25T14:59:05Z,0,0,0,0.1,0,0,24.8,850,24.9,25.2,40.1,283,434,0,1,163,2,2,25,16.5,19.7
2026-08-25T15:14:13Z,0,0,0,0.1,0,0,24.2,850.2,24.4,24.5,41.4,275,370,0,0.2,108,0.9,0.9,24.3,16.2,19.2
2026-08-25T15:29:34Z,0,0,0,0.1,0,0,23.7,850.3,23.9,24.1,42.5,267,303,0,0.2,108,0.7,0.7,23.9,16,18.8
2026-08-25T15:44:42Z,0,0,0,0,0,0,23.3,850.5,23.4,23.6,43.8,261,258,0,0.5,143,1.1,1.1,23.4,15.9,18.5
2026-08-25T15:59:51Z,0,0,0,0,0,0,22.8,850.7,23,23.2,44.8,260,255,0,0.9,114,2.6,2.6,22.9,15.6,18.1
2026-08-25T16:15:00Z,0,0,0,0,0,0,22.3,850.9,22.4,22.7,46,260,253,0,0.5,115,1.3,1.3,22.4,15.4,17.7
2026-08-25T16:30:09Z,0,0,0,0,0,0,21.9,850.9,22.1,22.3,47.5,260,253,0,0.2,115,0.9,0.9,22,15.3,17.3
2026-08-25T16:45:43Z,0,0,0,0,0,0,21.4,851,21.6,21.8,49,261,253,0,0.3,115,1.3,1.3,21.6,15.1,16.9
2026-08-25T17:00:52Z,0,0,0,0,0,0,21.2,851.2,21.4,21.5,50.5,258,253,0,0,120,0.2,0.2,21.3,15.1,16.7
2026-08-25T17:16:44Z,0,0,0,0,0,0,20.8,851.4,21,21.2,52,260,253,0,0.1,185,0.7,0.7,21,15,16.4
2026-08-25T17:31:52Z,0,0,0,0,0,0,20.5,851.6,20.7,20.9,52.8,260,254,0,0.9,118,1.7,1.7,20.6,14.8,16.1
2026-08-25T17:47:01Z,0,0,0,0,0,0,20.3,852,20.4,20.7,53.8,259,252,0,0.4,117,1.3,1.3,20.4,14.8,16
2026-08-25T18:02:10Z,0,0,0,0,0,0,19.9,852.1,20.1,20.3,55.3,261,254,0,0,117,0.2,0.2,20,14.7,15.6
2026-08-25T18:17:19Z,0,0,0,0,0,0,19.7,852.4,19.9,20.1,56,260,254,0,0.1,156,0.7,0.7,19.8,14.5,15.4
2026-08-25T18:32:42Z,0,0,0,0,0,0,19.5,852.6,19.7,19.9,56.6,260,254,0,0,104,0,0,19.6,14.4,15.2
2026-08-25T18:47:51Z,0,0,0,0,0,0,19.2,852.9,19.3,19.5,57.6,261,253,0,0.1,104,0.7,0.7,19.3,14.3,14.9
2026-08-25T19:03:00Z,0,0,0,0,0,0,19,853.2,19.2,19.4,58,261,254,0,0,102,0,0,19.1,14.2,14.8
2026-08-25T19:18:09Z,0,0,0,0,0,0,18.8,853.4,18.9,19.2,58.9,260,254,0,0.3,102,0.9,0.9,18.9,14.1,14.6
2026-08-25T19:33:18Z,0,0,0,0,0,0,18.5,853.7,18.7,18.9,60,261,254,0,0,107,0.2,0.2,18.6,14,14.3
2026-08-25T19:48:44Z,0,0,0,0,0,0,18.3,853.6,18.5,18.7,61,260,253,0,0,107,0.2,0.2,18.5,14,14.2
2026-08-25T20:03:53Z,0,0,0,0,0,0,18,853.9,18.2,18.4,62.4,260,253,0,0.3,107,0.7,0.7,18.2,13.9,13.9
2026-08-25T20:19:02Z,0,0,0,0,0,0,17.6,853.8,17.8,18,63.7,260,254,0,0,107,0,0,17.8,13.7,13.5
2026-08-25T20:34:11Z,0,0,0,0,0,0,17.2,853.7,17.4,17.6,64.9,260,253,0,0,107,0,0,17.4,13.4,13.1
2026-08-25T20:49:21Z,0,0,0,0,0,0,16.9,853.5,17.1,17.2,66.2,261,254,0,0,107,0,0,17,13.3,12.8
2026-08-25T21:04:48Z,0,0,0,0,0,0,16.4,853.4,16.6,16.8,67.9,261,253,0,0,107,0,0,16.5,13,12.3
2026-08-25T21:19:57Z,0,0,0,0,0,0,16.1,853.2,16.2,16.5,69.2,260,254,0,0,107,0,0,16.3,12.9,12.1
2026-08-25T21:35:06Z,0,0,0,0,0,0,15.7,852.9,15.9,16,71.1,261,253,0,0,107,0,0,15.8,12.7,11.6
2026-08-25T21:50:57Z,0,0,0,0,0,0,15.3,852.7,15.6,15.6,72.8,261,254,0,0,107,0,0,15.4,12.5,11.2
2026-08-25T22:06:07Z,0,0,0,0,0,0,14.9,852.6,15.2,15.2,74.2,261,253,0,0,107,0,0,15,12.3,10.8
2026-08-25T22:21:17Z,0,0,0,0,0,0,14.4,852.6,14.6,14.8,75.4,260,254,0,0,107,0,0,14.6,12,10.4
2026-08-25T22:36:26Z,0,0,0,0,0,0,14.1,852.7,14.4,14.5,77.2,261,253,0,0,107,0,0,14.2,11.9,10
2026-08-25T22:51:52Z,0,0,0,0,0,0,14,852.7,14.3,14.5,77.8,260,254,0,0,107,0,0,14.2,12,10
2026-08-25T23:07:01Z,0,0,0,0,0,0,13.7,852.5,13.9,14.2,78.7,260,252,0,0,107,0,0,13.9,11.8,9.7
2026-08-25T23:22:10Z,0,0,0,0,0,0,13.4,852.3,13.8,13.9,79.4,260,253,0,0,107,0,0,13.6,11.6,9.4
2026-08-25T23:37:19Z,0,0,0,0,0,0,13.2,852,13.6,13.8,80.7,260,253,0,0,107,0,0,13.5,11.6,9.3
2026-08-25T23:52:28Z,0,0,0,0,0,0,13.2,851.9,13.6,13.7,80.7,259,253,0,0,107,0,0,13.5,11.6,9.2
2026-08-26T00:00:50Z,0,0,0,0,0,0,13.3,851.9,13.7,13.8,80.2,260,254,0,0,107,0,0,13.6,11.6,9.4
2026-08-26T00:15:59Z,0,0,0,0,0,0,12.9,851.9,13.1,13.3,81,261,253,0,0,107,0,0,13,11.2,8.8
2026-08-26T00:31:08Z,0,0,0,0,0,0,12.4,851.9,12.7,12.8,82.3,260,254,0,0,107,0,0,12.6,10.9,8.3
2026-08-26T00:46:18Z,0,0,0,0,0,0,12,851.8,12.2,12.4,83.4,261,252,0,0,107,0,0,12.1,10.6,7.8
2026-08-26T01:01:27Z,0,0,0,0,0,0,11.7,851.9,11.9,12.1,84.9,260,253,0,0,107,0,0,11.9,10.5,7.5
2026-08-26T01:16:53Z,0,0,0,0,0,0,11.5,851.9,11.8,12,85.6,259,253,0,0,107,0,0,11.7,10.4,7.4
2026-08-26T01:32:01Z,0,0,0,0,0,0,11.2,851.9,11.6,11.8,86.4,260,254,0,0,107,0,0,11.5,10.3,7.1
2026-08-26T01:47:10Z,0,0,0,0,0,0,11.2,852,11.5,11.7,86.2,260,253,0,0,107,0,0,11.5,10.2,7.1
2026-08-26T02:02:19Z,0,0,0,0,0,0,11,852,11.2,11.5,87.4,259,254,0,0,107,0,0,11.3,10.1,6.9
2026-08-26T02:17:28Z,0,0,0,0,0,0,10.8,852.1,11.1,11.3,87.2,260,253,0,0,107,0,0,11.1,9.9,6.7
2026-08-26T02:32:56Z,0,0,0,0,0,0,10.5,852.2,10.9,11.1,87.8,261,253,0,0,107,0,0,10.8,9.7,6.4
2026-08-26T02:48:05Z,0,0,0,0,0,0,10.5,852.4,10.8,11,89.1,260,253,0,0,107,0,0,10.8,9.9,6.4
2026-08-26T03:03:14Z,0,0,0,0,0,0,10.5,852.5,10.9,11.1,88.1,259,253,0,0,107,0,0,10.8,9.8,6.4
2026-08-26T03:18:23Z,0,0,0,0,0,0,10.2,852.5,10.6,10.8,87.8,262,257,0,0,107,0,0,10.5,9.5,6.1
2026-08-26T03:33:32Z,0,0,0,0,0,0,9.9,852.6,10.2,10.4,88.9,264,288,0,0,172,0,0,10.2,9.3,5.7
2026-08-26T03:49:00Z,0,0,0,0.1,0,0,9.9,852.8,10.3,10.5,89.5,271,346,0,0,172,0,0,10.2,9.4,5.7
2026-08-26T04:04:09Z,0,0,0,0.1,0,0,10.2,853,10.6,10.8,89.6,279,400,0,0,172,0,0,10.5,9.7,6.1
2026-08-26T04:19:18Z,0,0,0,0.2,0,0,10.9,853.2,11.2,11.3,89.2,285,454,0,0.1,172,0.4,0.4,11.1,10.1,6.7
2026-08-26T04:34:26Z,0,0,0,0.2,0,0,11.9,853.3,12.5,12.6,85.8,296,570,0,0.2,172,0.7,0.7,12.3,11,8
2026-08-26T04:49:35Z,0,0,0,0.3,0,0,13.2,853.6,13.7,13.7,83.9,318,848,0,0.5,172,1.1,1.1,13.5,11.9,9.3
2026-08-26T05:04:43Z,0,0,0,0.8,0,0,15.4,853.7,15.8,15.3,81.4,398,1861,0,0.8,83,1.5,1.5,15.1,13.1,10.9
2026-08-26T05:20:05Z,0,0,0,1.1,0,0,17.5,853.9,17.5,17.1,76.1,461,2614,0,0.8,6,1.5,1.5,17,14.3,12.7
2026-08-26T05:35:24Z,0,0,0,1.3,0,0,18.7,854.1,18.1,17.8,74.6,505,3080,0,0.7,61,1.3,1.3,17.7,14.8,13.4
2026-08-26T05:50:32Z,0,0,0,1.5,0,0,19.7,854.2,19.4,19.4,67.4,540,3473,0,1.4,82,2,2,19.3,15.4,14.9
2026-08-26T06:06:15Z,0,0,0,1.8,0,0,21,854.2,20.9,20.4,63.9,585,3955,0,0.1,28,0.7,0.7,20.3,15.9,15.8
2026-08-26T06:21:23Z,0,0,0,2,0,0,21.6,854.3,21.4,20.9,61.9,638,4518,0,0.1,98,0.7,0.7,20.8,16.1,16.2
2026-08-26T06:36:31Z,0,0,0,2.3,0,0,21.6,854.5,21.4,21.7,58.6,683,5012,0,0.3,55,0.9,0.9,21.5,16.3,16.9
2026-08-26T06:51:39Z,0,0,0,2.5,0,0,21.6,854.5,22.1,21.8,58.9,716,5396,0,0.2,106,0.9,0.9,21.7,16.5,17
2026-08-26T07:06:48Z,0,0,0,2.7,0,0,22.7,854.5,22.2,22.1,56.7,759,5826,0,0.3,26,0.9,0.9,21.9,16.4,17.2
2026-08-26T07:22:10Z,0,0,0,2.9,0,0,22.9,854.4,22.8,23.4,52.8,795,6247,0,0,86,0.2,0.2,23.3,17.1,18.4
2026-08-26T07:37:18Z,0,0,0,3,0,0,22,854.3,22.9,22.8,47.7,825,6564,0,1.2,172,2.2,2.2,22.6,15.8,17.8
2026-08-26T07:52:27Z,0,0,0,3.1,0,0,21.7,854.1,22.6,22.2,50.7,828,6636,0,0.4,186,1.3,1.3,22,15.7,17.3
2026-08-26T08:07:31Z,0,0,0,3.2,0,0,22.9,854,23.6,23.2,48,855,6896,0,1.2,217,2.2,2.2,23,16.2,18.2
2026-08-26T08:22:55Z,0,0,0,3.4,0,0,23.8,853.9,24.5,23.9,47,893,7274,0,0.2,228,0.7,0.7,23.7,16.6,18.7
2026-08-26T08:38:03Z,0,0,0,3.4,0,0,24.2,853.7,24.6,24.9,42.7,892,7276,0,0.2,119,0.7,0.7,24.7,16.7,19.5
2026-08-26T08:53:11Z,0,0,0,3.6,0,0,24.4,853.5,24.9,25.2,38.2,924,7613,0,1.2,172,2.6,2.6,25,16.2,19.8
2026-08-26T09:08:19Z,0,0,0,3.6,0,0,24.7,853.2,25,25.2,38.5,929,7682,0,0.2,320,0.7,0.7,25,16.3,19.8
2026-08-26T09:24:05Z,0,0,0,3.7,0,0,24.9,852.9,25.4,25.4,35.3,945,7815,0,0.6,92,1.5,1.5,25.1,15.9,19.9
2026-08-26T09:39:13Z,0,0,0,3.7,0,0,25.1,852.7,25.7,25.8,36.4,954,7916,0,0.7,181,1.5,1.5,25.6,16.4,20.2
2026-08-26T09:54:21Z,0,0,0,3.6,0,0,25,852.4,25.2,25.7,37,930,7675,0,0.8,41,1.3,1.3,25.5,16.5,20.2
2026-08-26T10:09:29Z,0,0,0,3.6,0,0,26.1,852.2,26.8,26.6,35.8,925,7587,0,0.6,224,1.3,1.3,26.4,16.9,20.8
2026-08-26T10:24:37Z,0,0,0,3.5,0,0,27,851.6,27.4,27.7,33.1,917,7474,0,1,112,2,2,27,17.2,21.3
2026-08-26T10:40:02Z,0,0,0,3.5,0,0,27.8,851.3,28.3,28.4,32.4,902,7318,0,0.2,120,1.5,1.5,27.6,17.7,21.7
2026-08-26T10:55:10Z,0,0,0,3.3,0,0,27.2,851,27.8,27.8,30.1,883,7103,0,0.9,162,2.4,2.4,27,16.8,21.3
2026-08-26T11:11:07Z,0,0,0,3.2,0,0,26.9,850.7,27.4,27.1,31.7,848,6759,0,0.4,242,1.1,1.1,26.5,16.5,20.9
2026-08-26T11:26:16Z,0,0,0,3,0,0,27.3,850.5,27.8,28.1,32.8,815,6360,0,0.5,127,2.2,2.2,27.3,17.5,21.5
2026-08-26T11:41:17Z,0,0,0,2.8,0,0,27.7,850.3,27.9,28.5,31.6,785,6051,0,1.3,115,2.8,2.8,27.5,17.6,21.7
2026-08-26T11:56:26Z,0,0,0,2.6,0,0,28.3,850.1,28.8,29.1,31.6,742,5577,0,0,135,0.2,0.2,28,18,22.1
2026-08-26T12:11:34Z,0,0,0,2.5,0,0,27.7,850.1,28.1,28.5,29.1,720,5327,0,0.9,158,3.1,3.1,27.5,17.1,21.6
2026-08-26T12:26:43Z,0,0,0,2.2,0,0,27,850.2,27.4,27.7,29.5,670,4806,0,1.4,134,3.7,3.7,26.8,16.5,21.2
2026-08-26T12:42:06Z,0,0,0,2,0,0,27.5,850,27.9,28.3,27.7,640,4474,0,1.3,121,3.5,3.5,27.2,16.6,21.5
2026-08-26T12:57:14Z,0,0,0,1.8,0,0,27.7,849.9,28.4,28.5,26.5,599,4022,0,1.1,188,3.1,3.1,27.3,16.5,21.5
2026-08-26T13:12:22Z,0,0,0,1.6,0,0,27.3,849.8,27.7,28.1,28.2,559,3586,0,0.6,128,2,2,27.1,16.5,21.4
2026-08-26T13:27:31Z,0,0,0,1.4,0,0,26.9,849.8,27.4,27.8,29.4,519,3153,0,1.2,140,2.4,2.4,26.9,16.6,21.2
2026-08-26T13:43:18Z,0,0,0,1.1,0,0,27.4,849.7,27.8,28.5,29.7,469,2602,0,0.6,110,1.5,1.5,27.5,17.2,21.6
2026-08-26T13:58:26Z,0,0,0,0.9,0,0,26.7,849.6,27.3,27.6,30.9,425,2116,0,0.1,119,0.7,0.7,26.8,16.7,21.2
2026-08-26T14:13:34Z,0,0,0,0.5,0,0,26.7,849.8,27.2,27.7,31.3,346,1193,0,0.4,116,1.3,1.3,26.9,16.9,21.2
2026-08-26T14:29:17Z,0,0,0,0.4,0,0,25.8,849.8,26,26.3,33.3,336,1093,0,0.8,111,2.6,2.6,26.1,16.2,20.6
2026-08-26T14:44:25Z,0,0,0,0.2,0,0,25.2,849.9,25.4,25.6,35.3,286,455,0,0.4,120,1.3,1.3,25.3,16,20
2026-08-26T14:59:33Z,0,0,0,0.1,0,0,24.8,850.1,24.9,25.1,36.4,282,416,0,0.7,108,1.7,1.7,24.8,15.8,19.6
2026-08-26T15:14:41Z,0,0,0,0.1,0,0,24.3,850.2,24.5,24.6,38.4,274,354,0,0.4,131,1.5,1.5,24.4,15.8,19.3
2026-08-26T15:30:18Z,0,0,0,0.1,0,0,23.9,850.5,24.1,24.2,39.7,266,295,0,0.4,129,1.1,1.1,23.9,15.7,18.9
2026-08-26T15:45:26Z,0,0,0,0,0,0,23.4,850.5,23.5,23.7,39.8,262,260,0,0.4,136,1.5,1.5,23.4,15.3,18.5
2026-08-26T16:00:35Z,0,0,0,0,0,0,23,850.8,23.1,23.3,40.4,260,254,0,0.7,143,2,2,23,15,18.1
2026-08-26T16:15:43Z,0,0,0,0,0,0,22.5,851,22.7,22.8,41.2,261,253,0,0.4,133,2,2,22.5,14.8,17.7
2026-08-26T16:30:52Z,0,0,0,0,0,0,22,851.1,22.2,22.4,42.8,259,253,0,0.1,133,0.4,0.4,22.1,14.7,17.4
2026-08-26T16:46:14Z,0,0,0,0,0,0,21.5,851.2,21.8,21.9,44.2,261,254,0,0.2,133,0.7,0.7,21.6,14.5,17
2026-08-26T17:01:23Z,0,0,0,0,0,0,21.4,851.4,21.6,21.7,44.8,261,253,0,0.3,133,0.9,0.9,21.4,14.4,16.8
2026-08-26T17:16:33Z,0,0,0,0,0,0,21.1,851.7,21.2,21.4,46.1,261,253,0,0.3,133,1.3,1.3,21.1,14.3,16.5
2026-08-26T17:31:42Z,0,0,0,0,0,0,20.7,851.8,20.8,21,47,261,253,0,0.1,133,0.7,0.7,20.7,14.2,16.2
2026-08-26T17:46:51Z,0,0,0,0,0,0,20.6,852,20.8,20.9,47.9,261,253,0,0.4,135,0.9,0.9,20.6,14.2,16.1
2026-08-26T18:02:20Z,0,0,0,0,0,0,20.3,852.1,20.4,20.7,49,261,254,0,0.5,135,1.1,1.1,20.4,14.1,15.9
2026-08-26T18:17:29Z,0,0,0,0,0,0,20.2,852.2,20.4,20.5,50.3,260,253,0,0,188,0,0,20.3,14.2,15.8
2026-08-26T18:32:38Z,0,0,0,0,0,0,19.7,852.4,19.9,20.1,52,261,254,0,0.3,135,1.7,1.7,19.8,14.1,15.4
2026-08-26T18:47:48Z,0,0,0,0,0,0,19.7,852.4,19.8,20,53.2,261,254,0,0.4,119,1.3,1.3,19.7,14.1,15.3
2026-08-26T19:02:57Z,0,0,0,0,0,0,19.5,852.6,19.7,19.9,54.8,260,253,0,0.7,122,2.2,2.2,19.6,14.2,15.2
2026-08-26T19:18:20Z,0,0,0,0,0,0,19.2,852.8,19.4,19.6,56,260,254,0,0,122,0,0,19.3,14.1,15
2026-08-26T19:33:30Z,0,0,0,0,0,0,18.5,853,18.6,18.8,58.5,261,255,0,0,122,0,0,18.6,13.8,14.2
2026-08-26T19:48:39Z,0,0,0,0,0,0,17.9,853.1,18,18.1,60.7,261,254,0,0,122,0,0,17.9,13.4,13.6
2026-08-26T20:03:48Z,0,0,0,0,0,0,17.3,853.1,17.4,17.6,63.7,260,254,0,0,122,0,0,17.3,13.3,13.1
2026-08-26T20:18:58Z,0,0,0,0,0,0,17,853.1,17.3,17.5,63.8,260,254,0,0,122,0,0,17.2,13.2,13
2026-08-26T20:34:23Z,0,0,0,0,0,0,16.7,852.8,16.9,17.2,65,261,254,0,0,122,0,0,16.9,13.1,12.7
2026-08-26T20:49:33Z,0,0,0,0,0,0,16.3,852.8,16.5,16.7,67.1,260,253,0,0,122,0,0,16.4,12.9,12.2
2026-08-26T21:04:43Z,0,0,0,0,0,0,16,852.7,16.3,16.4,68.7,261,253,0,0,122,0.2,0.2,16.1,12.8,11.9
2026-08-26T21:19:52Z,0,0,0,0,0,0,15.7,852.7,15.9,16,69.7,260,254,0,0,122,0,0,15.8,12.6,11.6
2026-08-26T21:35:26Z,0,0,0,0,0,0,15.1,852.6,15.3,15.5,71.8,261,253,0,0,122,0,0,15.2,12.3,11
2026-08-26T21:50:35Z,0,0,0,0,0,0,15.2,852.5,15.4,15.6,73.2,261,254,0,0,122,0,0,15.4,12.6,11.2
2026-08-26T22:05:44Z,0,0,0,0,0,0,15,852.6,15.4,15.5,74.1,261,253,0,0,122,0,0,15.3,12.6,11.1
2026-08-26T22:20:53Z,0,0,0,0,0,0,14.9,852.4,15.2,15.4,74,259,254,0,0,122,0,0,15.2,12.4,11
2026-08-26T22:36:21Z,0,0,0,0,0,0,14.4,852.4,14.6,14.8,75.4,259,253,0,0,122,0,0,14.6,12.1,10.4
2026-08-26T22:51:30Z,0,0,0,0,0,0,14.1,852.4,14.6,14.6,77.6,260,253,0,0,122,0,0,14.4,12.1,10.2
2026-08-26T23:06:39Z,0,0,0,0,0,0,14.4,852,14.8,14.8,78.6,259,253,0,0,122,0,0,14.6,12.4,10.4
2026-08-26T23:21:48Z,0,0,0,0,0,0,14.6,852,15,15,80.2,261,254,0,0.5,122,1.3,1.3,14.8,12.8,10.6
2026-08-26T23:36:57Z,0,0,0,0,0,0,14.9,852,15.2,15.3,80.6,261,254,0,0.2,122,0.8,0.8,15.1,13.1,10.9
2026-08-26T23:52:25Z,0,0,0,0,0,0,14.7,851.9,15.1,15.2,81.3,260,253,0,0.1,122,0.8,0.8,15,13,10.8
2026-08-27T00:00:29Z,0,0,0,0,0,0,14.6,851.8,14.9,15,82.2,260,254,0,0.1,122,0.5,0.5,14.9,13,10.7
2026-08-27T00:15:38Z,0,0,0,0,0,0,14.4,851.9,14.8,14.8,83.1,259,254,0,0,122,0,0,14.7,12.9,10.5
2026-08-27T00:30:46Z,0,0,0,0,0,0,14.1,851.8,14.4,14.4,84.9,262,253,0,0,122,0,0,14.3,12.7,10.1
2026-08-27T00:45:55Z,0,0,0,0,0,0,13.7,852,14,14.1,85.3,261,254,0,0,122,0,0,14,12.5,9.8
2026-08-27T01:01:04Z,0,0,0,0,0,0,13,851.9,13.1,13.2,84.4,260,253,0,0,122,0,0,13,11.5,8.8
2026-08-27T01:16:32Z,0,0,0,0,0,0,12.3,852,12.5,12.7,84.5,261,254,0,0,122,0,0,12.5,11,8.2
2026-08-27T01:31:41Z,0,0,0,0,0,0,11.7,852,11.9,12.1,85.2,260,253,0,0,122,0.2,0.2,11.9,10.5,7.6
2026-08-27T01:46:51Z,0,0,0,0,0,0,11.4,852.3,11.7,11.9,86.5,261,254,0,0,122,0,0,11.6,10.4,7.3
2026-08-27T02:02:00Z,0,0,0,0,0,0,11.2,852.4,11.6,11.8,87.6,260,254,0,0,122,0,0,11.5,10.4,7.2
2026-08-27T02:17:10Z,0,0,0,0,0,0,11.1,852.6,11.4,11.6,87.8,261,253,0,0,122,0,0,11.4,10.3,7
2026-08-27T02:32:36Z,0,0,0,0,0,0,11.2,852.9,11.6,11.8,87.6,260,253,0,0.3,121,0.7,0.7,11.5,10.4,7.2
2026-08-27T02:47:46Z,0,0,0,0,0,0,11.7,853.1,12.1,12.3,85.8,260,252,0,0,122,0,0,12.1,10.7,7.8
2026-08-27T03:02:56Z,0,0,0,0,0,0,11.8,853.1,12.1,12.3,83.6,260,255,0,0,122,0.2,0.2,12,10.5,7.7
2026-08-27T03:18:06Z,0,0,0,0,0,0,11.4,853.2,11.6,11.9,84.8,261,256,0,0,122,0,0,11.6,10.2,7.2
2026-08-27T03:33:16Z,0,0,0,0,0,0,11.1,853.4,11.4,11.6,85.4,263,282,0,0,198,0,0,11.3,10,7
2026-08-27T03:48:40Z,0,0,0,0.1,0,0,11,853.5,11.3,11.5,86.4,272,364,0,0,198,0,0,11.2,10,6.9
2026-08-27T04:03:50Z,0,0,0,0.2,0,0,11.2,853.6,11.6,11.7,87.1,287,515,0,0,198,0,0,11.5,10.3,7.1
2026-08-27T04:19:00Z,0,0,0,0.2,0,0,11.9,853.8,12.3,12.2,87.6,300,681,0,0,198,0,0,12,10.9,7.7
2026-08-27T04:34:09Z,0,0,0,0.3,0,0,12.9,854,13.3,13.2,86.3,311,830,0,0,198,0,0,13,11.7,8.8
2026-08-27T04:49:18Z,0,0,0,0.4,0,0,14,854.2,14.4,14.4,83.3,325,987,0,0,199,0.2,0.2,14.2,12.5,10
2026-08-27T05:04:43Z,0,0,0,0.5,0,0,15.1,854.3,15.4,15.5,81.1,343,1180,0,0.1,199,0.4,0.4,15.4,13.4,11.2
2026-08-27T05:19:53Z,0,0,0,0.4,0,0,15.6,854.6,16,16,78.9,330,1040,0,0,198,0,0,15.8,13.5,11.6
2026-08-27T05:35:02Z,0,0,0,0.8,0,0,16.3,854.7,16.6,16.7,76.8,405,1896,0,0.3,199,0.9,0.9,16.6,14,12.4
2026-08-27T05:50:11Z,0,0,0,0.6,0,0,17,854.8,17.1,17.1,75.1,376,1583,0,0.4,199,1.3,1.3,17,14.2,12.7
2026-08-27T06:05:51Z,0,0,0,0.7,0,0,16.9,854.9,17.2,17.2,75.2,387,1676,0,0,198,0,0,17.1,14.3,12.9
2026-08-27T06:21:00Z,0,0,0,1,0,0,17.6,855.1,17.6,18.1,71.8,439,2243,0,0,198,0,0,17.9,14.7,13.7
2026-08-27T06:36:09Z,0,0,0,0.8,0,0,18,855,18.2,18.5,69.6,413,1966,0,0,198,0,0,18.4,14.9,14.1
2026-08-27T06:51:17Z,0,0,0,1.1,0,0,18.1,855.1,18.2,18.1,70.1,464,2491,0,1.1,199,2,2,17.9,14.5,13.7
2026-08-27T07:06:51Z,0,0,0,1.1,0,0,19,855,19.6,19.1,65.5,458,2332,0,0.9,199,2.1,2.1,19,14.9,14.6
2026-08-27T07:22:14Z,0,0,0,3.1,0,0,19.3,854.9,19.8,19.8,65,829,6779,0,0.1,199,0.4,0.4,19.6,15.4,15.2
2026-08-27T07:37:22Z,0,0,0,0.9,0,0,20.2,854.8,20.8,20.8,57.6,433,2059,0,0.4,199,1.3,1.3,20.7,15.4,16.1
2026-08-27T07:52:30Z,0,0,0,1,0,0,19.6,854.9,20.1,20,60,437,2103,0,0,198,0,0,19.8,15,15.4
2026-08-27T08:07:38Z,0,0,0,1,0,0,21,854.8,21.6,21.2,56.5,450,2202,0,0.1,199,0.4,0.4,21,15.6,16.5
2026-08-27T08:22:46Z,0,0,0,2,0,0,21.9,854.7,22.1,22.3,52.2,632,4201,0,1,63,1.7,1.7,22.2,16,17.4
2026-08-27T08:37:54Z,0,0,0,3.8,0,0,21.8,854.5,22.3,22.3,52.6,956,8026,0,0.4,151,1.1,1.1,22.2,16.1,17.5
2026-08-27T08:53:19Z,0,0,0,3.7,0,0,22.2,854.4,22.5,22.6,50.8,945,7861,0,0.2,104,1.1,1.1,22.5,16.1,17.7
2026-08-27T09:08:28Z,0,0,0,3.9,0,0,22.5,854.2,23.2,23.1,51.1,987,8331,0,1.1,117,3.3,3.3,22.9,16.5,18.1
2026-08-27T09:23:38Z,0,0,0,3.7,0,0,22.5,853.9,23.1,22.6,51.4,944,7869,0,0.1,200,0.7,0.7,22.4,16.1,17.6
2026-08-27T09:38:46Z,0,0,0,3.7,0,0,23.4,853.7,23.7,24.1,45.8,946,7842,0,0.6,147,1.5,1.5,23.9,16.6,18.9
2026-08-27T09:54:27Z,0,0,0,3.8,0,0,23.8,853.4,24.2,23.9,46.5,959,7975,0,1.2,65,2.4,2.4,23.7,16.5,18.7
2026-08-27T10:09:35Z,0,0,0,3.6,0,0,23.7,853.2,24.3,24.4,43.6,932,7686,0,0.8,184,2.2,2.2,24.2,16.5,19.1
2026-08-27T10:24:44Z,0,0,0,3.9,0,0,25.6,852.8,25.8,26.1,42.6,987,8340,0,0,203,0.2,0.2,26,17.7,20.5
2026-08-27T10:39:52Z,0,0,0,3.6,0,0,25.2,852.5,25.6,25.9,42.7,929,7642,0,0.7,79,1.5,1.5,25.7,17.5,20.3
2026-08-27T10:55:29Z,0,0,0,2.1,0,0,24.9,852.1,25.4,25.7,41.1,651,4352,0,1.4,193,2.4,2.4,25.5,17.1,20.2
2026-08-27T11:10:37Z,0,0,0,3.3,0,0,25.6,851.9,25.8,26.4,41.2,865,6976,0,0.9,57,2,2,26.3,17.7,20.7
2026-08-27T11:25:45Z,0,0,0,3.1,0,0,26.1,851.7,26.6,26.9,35.8,831,6529,0,1.3,157,3.5,3.5,26.6,17.1,21
2026-08-27T11:40:54Z,0,0,0,2.9,0,0,25.5,851.5,25.9,26.2,34.7,791,6115,0,1.8,178,3.9,3.9,26,16.4,20.5
2026-08-27T11:56:02Z,0,0,0,2.7,0,0,26.2,851.3,26.5,26.9,35.5,754,5710,0,1.6,168,3.1,3.1,26.6,17.1,21
2026-08-27T12:11:27Z,0,0,0,2.5,0,0,25.9,851.1,26.4,26.7,36.2,717,5324,0,1,150,2.2,2.2,26.6,17.1,21
2026-08-27T12:26:35Z,0,0,0,2.2,0,0,26,851,26.4,27,34.8,677,4875,0,1.2,190,2.2,2.2,26.6,17,21
2026-08-27T12:41:43Z,0,0,0,2,0,0,26.1,850.9,26.2,27,34.1,639,4450,0,0.7,143,1.7,1.7,26.6,16.9,21
2026-08-27T12:56:51Z,0,0,0,1.8,0,0,26.2,850.8,26.6,27.2,34.2,599,4009,0,0.3,81,1.7,1.7,26.7,17.1,21.1
2026-08-27T13:11:59Z,0,0,0,1.6,0,0,25.5,850.8,26.1,26.5,35.9,555,3520,0,1.3,175,2.6,2.6,26.3,16.8,20.8
2026-08-27T13:27:07Z,0,0,0,1.3,0,0,25.8,850.7,26.2,26.7,35.8,507,3031,0,1.1,82,1.8,1.8,26.6,17,21
2026-08-27T13:42:30Z,0,0,0,1.1,0,0,25.4,850.7,26,26.5,35.4,472,2641,0,1.2,107,2.2,2.2,26.3,16.8,20.8
2026-08-27T13:57:39Z,0,0,0,0.9,0,0,24.9,850.9,25.4,25.8,38.3,430,2182,0,0.8,151,2.3,2.3,25.6,16.8,20.3
2026-08-27T14:12:47Z,0,0,0,0.7,0,0,24.5,851,25.1,25.5,38.2,383,1625,0,1.3,176,2.8,2.8,25.3,16.5,20
2026-08-27T14:27:55Z,0,0,0,0.2,0,0,24.1,851,24.3,24.7,40.4,304,631,0,0.8,105,1.3,1.3,24.5,16.2,19.4
2026-08-27T14:43:04Z,0,0,0,0.2,0,0,23.6,851.1,23.8,23.9,42.3,289,467,0,0.3,184,0.9,0.9,23.7,15.9,18.7
2026-08-27T14:58:41Z,0,0,0,0.1,0,0,23.1,851.3,23.3,23.5,43.8,281,426,0,1.6,123,3.3,3.3,23.3,15.8,18.4
2026-08-27T15:13:49Z,0,0,0,0.1,0,0,22.8,851.5,22.9,23.1,44.9,276,370,0,1.1,116,2.8,2.8,22.9,15.6,18
2026-08-27T15:28:57Z,0,0,0,0.1,0,0,22.3,851.6,22.5,22.7,45.5,267,307,0,0.8,150,1.5,1.5,22.4,15.4,17.7
2026-08-27T15:44:06Z,0,0,0,0,0,0,21.8,851.8,22.1,22.2,46.2,261,262,0,0.3,135,1.3,1.3,22,15,17.3
2026-08-27T15:59:15Z,0,0,0,0,0,0,21.5,851.7,21.6,21.9,47.2,261,253,0,0.1,106,0.7,0.7,21.6,14.9,17
2026-08-27T16:14:37Z,0,0,0,0,0,0,21.1,851.9,21.2,21.5,48.3,260,253,0,0.5,143,0.9,0.9,21.2,14.7,16.6
2026-08-27T16:29:46Z,0,0,0,0,0,0,20.7,852,20.9,21.1,49.5,259,254,0,0.1,156,0.4,0.4,20.8,14.6,16.3
2026-08-27T16:44:55Z,0,0,0,0,0,0,20.4,852.2,20.6,20.8,51,260,254,0,0.5,146,0.9,0.9,20.5,14.5,16
2026-08-27T17:00:04Z,0,0,0,0,0,0,20.2,852.4,20.4,20.6,52.3,261,253,0,0,145,0.2,0.2,20.3,14.5,15.9
2026-08-27T17:15:12Z,0,0,0,0,0,0,19.9,852.4,20.1,20.3,53.7,259,253,0,0.2,149,0.9,0.9,20,14.4,15.6
2026-08-27T17:30:40Z,0,0,0,0,0,0,19.7,852.6,19.9,20,55,261,253,0,0.3,151,1.2,1.2,19.8,14.4,15.4
2026-08-27T17:45:48Z,0,0,0,0,0,0,19.3,852.7,19.4,19.7,56.3,260,253,0,0.3,158,1.3,1.3,19.5,14.3,15.1
2026-08-27T18:00:56Z,0,0,0,0,0,0,18.9,853,19.1,19.3,57.8,260,254,0,0.4,112,1.1,1.1,19.1,14.1,14.7
2026-08-27T18:16:05Z,0,0,0,0,0,0,18.5,853.2,18.7,19,59.1,260,252,0,0.5,128,1.5,1.5,18.7,14,14.4
2026-08-27T18:31:14Z,0,0,0,0,0,0,18.4,853.3,18.6,18.7,59.9,260,253,0,0,135,0,0,18.5,13.9,14.2
2026-08-27T18:46:23Z,0,0,0,0,0,0,18,853.4,18.1,18.4,61.5,259,253,0,0.2,152,0.7,0.7,18.1,13.7,13.8
2026-08-27T19:01:45Z,0,0,0,0,0,0,17.9,853.5,18.1,18.2,62.4,260,253,0,0.5,159,1.1,1.1,18,13.7,13.7
2026-08-27T19:16:55Z,0,0,0,0,0,0,17.7,853.7,17.8,18,63.8,262,254,0,1.2,158,2,2,17.7,13.6,13.5
2026-08-27T19:32:04Z,0,0,0,0,0,0,17.4,853.8,17.6,17.8,65,261,253,0,0,159,0.2,0.2,17.5,13.6,13.3
2026-08-27T19:47:13Z,0,0,0,0,0,0,17,853.8,17.2,17.4,67.2,261,253,0,0.4,159,1.7,1.7,17.2,13.5,12.9
2026-08-27T20:02:23Z,0,0,0,0,0,0,16.8,853.9,16.9,17.1,68.6,262,254,0,0,159,0,0,16.9,13.4,12.7
2026-08-27T21:37:49Z,0,0,0,0,0,0,15.5,853.1,15.8,15.9,79.6,260,254,0,0,159,0,0,15.7,13.5,11.5
2026-08-27T21:52:57Z,0,0,0,0,0,0,15.2,853,15.5,15.6,80.8,261,254,0,0,159,0,0,15.5,13.4,11.3
2026-08-27T22:08:06Z,0,0,0,0,0,0,14.7,852.9,14.9,15,81.1,259,254,0,0,159,0,0,14.8,12.8,10.6
2026-08-27T22:23:15Z,0,0,0,0,0,0,14.3,852.8,14.4,14.6,80.5,261,253,0,0,159,0,0,14.4,12.4,10.2
2026-08-27T22:38:23Z,0,0,0,0,0,0,13.8,852.6,14.1,14.2,82.4,261,254,0,0,159,0,0,14,12.2,9.8
2026-08-27T22:53:47Z,0,0,0,0,0,0,13.5,852.5,13.8,13.9,83.6,260,253,0,0,159,0,0,13.7,12.1,9.5
2026-08-27T23:08:56Z,0,0,0,0,0,0,13.2,852.5,13.4,13.6,83.9,261,253,0,0,159,0,0,13.4,11.8,9.1
2026-08-27T23:24:04Z,0,0,0,0,0,0,12.7,852.4,13,13.1,84,260,254,0,0,159,0,0,12.9,11.4,8.7
2026-08-27T23:39:12Z,0,0,0,0,0,0,12.5,852.3,12.8,12.9,84.5,261,253,0,0,159,0,0,12.7,11.2,8.4
2026-08-27T23:54:21Z,0,0,0,0,0,0,12.2,852.1,12.5,12.7,86.2,262,253,0,0,159,0,0,12.5,11.2,8.2
